>AB058365 Eukaryota|Diaphoretickes|Cryptista|Cryptophyceae|Cryptomonadales|lineage-B|g:Geminigera|Geminigera+cryophila|strain=MBIC10566 	AGCTCTAATAGCGTATATTAAAGTTGTTGCAGTTAAAAAGCTCGTAGTCGGATGTCGGGCTCGGGCAGGCTGTCGGCTTCGGTCGGACGGCAGGCTCGGGTCTTTCTGCCTGAGGATCCTGTTGCACTTTATTGTGGGGCTGGGGACGCAGGCCGTTTACTTTGAAAAAATTAGAGTGTTCAAAGCAGGCCTACGCTTGAATACATTAGCATGGAATAATGGAATAGGACTTTGGTGCTATTTTGTTGGTTTATGGGACCGAAGTAATGATTAACAGGGACAGTTGGGGCCGTTTATATTTCGTTGTCAGAGGTGAAATTCTTGGATTTACGAAAGATAAACTTCTGCGAAAGCATTCGGCAAGGATGTTTTCA
>AB058366 Eukaryota|Diaphoretickes|Cryptista|Cryptophyceae|Cryptomonadales|lineage-B|g:Geminigera|Geminigera+cryophila|strain=MBIC10567	AGCTCTAATAGCGTATATTAAAGTTGTTGCAGTTAAAAAGCTCGTAGTCGGATGTCGGGCTCGGGCAGGCTGTCGGCTTCGGTCGGACGGCAGGCTCGGGTCTTTCTGCCTGAGGATCCTGTTGCACTTTATTGTGGGGCTGGGGACGCAGGCCGTTTACTTTGAAAAAATTAGAGTGTTCAAAGCAGGCCTACGCTTGAATACATTAGCATGGAATAATGGAATAGGACTTTGGTGCTATTTTGTTGGTTTATGGGACCGAAGTAATGATTAACAGGGACAGTTGGGGCCGTTTATATTTCGTTGTCAGAGGTGAAATTCTTGGATTTACGAAAGATAAACTTCTGCGAAAGCATTCGGCAAGGATGTTTTCA
>AB058368 Eukaryota|Diaphoretickes|Cryptista|Cryptophyceae|Cryptomonadales|lineage-B|g:Geminigera|Geminigera+cryophila|strain=MBIC10575	AGCTCTAATAGCGTATATTAAAGTTGTTGCAGTTAAAAAGCTCGTAGTCGGATGTCGGGCTCGGGCAGGCTGTCGGCTTCGGTCGGACGGCAGGCTCGGGTCTTTCTGCCTGAGGATCCTGTTGCACTTTATTGTGGGGCTGGGGACGCAGGCCGTTTACTTTGAAAAAATTAGAGTGTTCAAAGCAGGCCTACGCTTGAATACATTAGCATGGAATAATGGAATAGGACTTTGGTGCTATTTTGTTGGTTTATGGGACCGAAGTAATGATTAACAGGGACAGTTGGGGCCGTTTATATTTCGTTGTCAGAGGTGAAATTCTTGGATTTACGAAAGATAAACTTCTGCGAAAGCATTCGGCAAGGATGTTTTCA
>AB183594 Eukaryota|Diaphoretickes|Cryptista|Cryptophyceae|Cryptomonadales|lineage-E|Rpauca-clade|strain=MBIC10225	AGCTCTAATAGCGTATATTAAAGTTGTTGCAGTTAAAAAGCTCGTAGTCGGATGTCGGGCTCGGGGAGGCTGTCGGCCTTCGGTCGGACGGCATGTCCGGGCCTTTCTGCCTGGGGATCCTACTCTACTTAACTGTAGGGTAGTGGGACGCAGGCCGTTTACTTTGAAAAAATTAGAGTGTTCAAAGCAGGCCTACGCTTGAATACATTAGCATGGAATAATGGAATAGGACTTTGGTCTTATTTGTTGGTTTATGGGACCGAAGTAATGATTAACAGGGACAGTTGGGGCCGTTTATATTTCGTTGTCAGAGGTGAAATTCTTGGATTTACGAAAGATAAACTTCTGCGAAAGCATTCGGCAAGGATGTTTTCA
>AB240954 Eukaryota|Diaphoretickes|Cryptista|Cryptophyceae|Cryptomonadales|g:Cryptomonas|Cryptomonas+tetrapyrenoidosa|strain=NIES-280	AGCTCTAATAGCATATATTAAAGTTGTTGCAGTTAAAAAGCTCGTAGTCGGATTTTGGGCGCGTGTGGGCTGTCGGCCTCTGGTCGGACGGCATGCGCGTGCCTTTTTGCTTGGGGAACCCATGGCGGTTCACGCCGTCGTGGTGGGCCACAGGCCGTTTACTTTGAAAAAATTAGAGTGTTCAAAGCAGGCTGTTGCTTGAATAGATTAGCATGGAATAATGGAATAGGACCTTGGTGCTATTTCGTTGGTTATGGGACTGGGGTAATGATTAATAGGGACAGTTGGGGCCGTTCATATTTCGTTGTCAGAGGTGAAATTCTTGGATTTACGAACGATGAACTTGTGCGAAAGCATTCGGCAAGGATGTTTTCA
>AB240955 Eukaryota|Diaphoretickes|Cryptista|Cryptophyceae|Cryptomonadales|g:Cryptomonas|Cryptomonas+paramecium|strain=NIES-715	AGCTCTAATAGCATATATTAAAGTTGTTGCAGTTAAAAAGCTCGTAGTCGGATTTTGGGCGCGTGTGGGCAGTCGGCTTCCGTCGTTCAGCACGCACGCGCCTTTCTGCTTGGGATCCCCGCGGTCCGCCGTGGTGGGTTACAGGCCGTTTACTTTGAAAAAATTAGAGTGTTCAAAGCAGGCTATTGCTTGAATAGATTAGCATGGAATAATGGAATAGGACCTCGGTGCTATTTCGTTGGTTATGGGACTGGGGTAATGATTAATAGGGACAGTTGGGGCCGTTCATATTTCGTTGTCAGAGGTGAAATTCTTGGATTTACGAACGATGAACTTGTGCGAAAGCATTCGGCAAGGATGTTTTCA
>AB240956 Eukaryota|Diaphoretickes|Cryptista|Cryptophyceae|Cryptomonadales|lineage-E|Rirregularis-clade|strain=NIES-697	AGCTCTAATAGCGTATATTAAAGTTGTTGCAGTTAAAAAGCTCGTAGTCGGATGTCGGGCTCGGGGAGGCTGTCGGCCTTCGGTCGGACGGCATGTCCGGGCCTTTCTGCCTGGGGATCCTACTCTACTTAACTGTAGGGTAGTGGGACGCAGGCCGTTTACTTTGAAAAAATTAGAGTGTTCAAAGCAGGCCTACGCTTGAATACATTAGCATGGAATAATGGAATAGGACTTTGGTCTTATTTGTTGGTTTATGGGACCGAAGTAATGATTAACAGGGACAGTTGGGGCCGTTTATATTTCGTTGTCAGAGGTGAAATTCTTGGATTTACGAAAGATAAACTTCTGCGAAAGCATTCGGCAAGGATGTTTTCA
>AB240957 Eukaryota|Diaphoretickes|Cryptista|Cryptophyceae|Cryptomonadales|lineage-E|Rpauca-clade|strain=NIES-699	AGCTCTAATAGCGTATATTAAAGTTGTTGCAGTTAAAAAGCTCGTAGTCGGATGTCGGGCTCGGGGAGGCTGTCGGCCTTTGGTCGGACGGCATGTCCGGGCCTTTCTGCCTGGGGATCCTATTCTACTTAACTGTAGGGTAGTGGGACGCAGGCCGTTTACTTTGAAAAAATTAGAGTGTTCAAAGCAGGCCTACGCTTGAATACATTAGCATGGAATAATGGAATAGGACTTTGGTCTTATTTGTTGGTTTATGGGACCGAAGTAATGATTAACAGGGACAGTTGGGGCCGTTTATATTTCGTTGTCAGAGGTGAAATTCTTGGATTTACGAAAGATAAACTTCTGCGAAAGCATTCGGCAAGGATGTTTTCA
>AB240958 Eukaryota|Diaphoretickes|Cryptista|Cryptophyceae|Cryptomonadales|lineage-E|Rpauca-clade|strain=NIES-701	AGCTCTAATAGCGTATATTAAAGTTGTTGCAGTTAAAAAGCTCGTAGTCGGATGTCGGGCTCGGGGAGGCTGTCGGCCTTTGGTCGGACGGCATGTCCGGGCCTTTCTGCCTGGGGATCCTATTCTACTTAACTGTAGGGTAGTGGGACGCAGGCCGTTTACTTTGAAAAAATTAGAGTGTTCAAAGCAGGCCTACGCTTGAATACATTAGCATGGAATAATGGAATAGGACTTTGGTCTTATTTGTTGGTTTATGGGACCGAAGTAATGATTAACAGGGACAGTTGGGGCCGTTTATATTTCGTTGTCAGAGGTGAAATTCTTGGATTTACGAAAGATAAACTTCTGCGAAAGCATTCGGCAAGGATGTTTTCA
>AB240959 Eukaryota|Diaphoretickes|Cryptista|Cryptophyceae|Cryptomonadales|lineage-E|Rpauca-clade|strain=NIES-702	AGCTCTAATAGCGTATATTAAAGTTGTTGCAGTTAAAAAGCTCGTAGTCGGATGTCGGGCTCGGGGAGGCTGTCGGCCTTTGGTCGGACGGCATGTCCGGGCCTTTCTGCCTGGGGATCCTATTCTACTTAACTGTAGGGTAGTGGGACGCAGGCCGTTTACTTTGAAAAAATTAGAGTGTTCAAAGCAGGCCTACGCTTGAATACATTAGCATGGAATAATGGAATAGGACTTTGGTCTTATTTGTTGGTTTATGGGACCGAAGTAATGATTAACAGGGACAGTTGGGGCCGTTTATATTTCGTTGTCAGAGGTGAAATTCTTGGATTTACGAAAGATAAACTTCTGCGAAAGCATTCGGCAAGGATGTTTTCA
>AB240960 Eukaryota|Diaphoretickes|Cryptista|Cryptophyceae|Cryptomonadales|lineage-E|Rduplex-clade|Rhodomonas+duplex|strain=NIES-765	AGCTCTAATAGCGTATATTAAAGTTGTTGCAGTTAAAAAGCTCGTAGTCGGATGTCGGGCTCGGAGAGGCTGTCGGCCTTTGGTCGGACGGCAACTTCGGGCCTTTCTGCCTGGGGATCCTACTCTGCTTAACCGCAGGGTAGTGGGACGCAGGCCGTTTACTTTGAAAAAATTAGAGTGTTCAAAGCAGGCCTACGCTTGAATACATTAGCATGGAATAATGGAATAGGACTTTGGTCTTATTTGTTGGTTTATGGGACCGGAGTAATGATTAACAGGGACAGTTGGGGCCGTTTATATTTCGTTGTCAGAGGTGAAATTCTTGGATTTACGAAAGATAAACTTCTGCGAAAGCATTCGGCAAGGATGTTTTCA
>AB240961 Eukaryota|Diaphoretickes|Cryptista|Cryptophyceae|Cryptomonadales|lineage-D|Cafricana-clade|strain=NIES-704	AGCTCTAATAGCGTATATTAAAGTTGTTGCAGTTAAAAAGCTCGTAGTCGGATGTCGGGGTCGGGAGGACTGTTGGCCTCTGGTCGAACGGTAAGCTCGGCCCTTTTTGCCTGGGGACTCCGTCACACTTAACTGTGGGGCGGATGGACGCAGGCCGTTTACTTTGAAAAAATCAGATCGTTCAAAGAAGGCTTTTGCTCGAATATGTTAGCATGGAATAATGGAATAGGACTTTGGTGCTATTTTGTTGGTTTATGGGACCGAAGTAATGATTAATAGGGACAGTTGGGGCCGTTTATATTTCGTTGTCAGAGGTGAAATTCTTGGATTTACGAAAGATAAACTTCTGCGAAAGCATTCGGCAAGGATGTTTTCA
>AB240963 Eukaryota|Diaphoretickes|Cryptista|Cryptophyceae|Cryptomonadales|lineage-D|g:Komma|strain=NIES-712	AGCTCTAATAGCGTATATTAAAGTTGTTGCAGTTAAAAAGCTCGTAGTCGGATGTTGGGGTCGGGCAGGCTGTTGGCCTCGTGTCGAACGGCAGGCTCGACTCTTTTTGCCTGGGGGCCCCGCTTCTCTTCACTGGGAGGCGGTGTGCTATCAGGCCGTTTACTTTGAAAAAATTAGAGTGTTCAAAGCAGGCCTACGCTTGAATACATTAGCATGGAATAATGGAATAGGACTTTGGTGCTATTTTGTTGGTTTATGGGACCGAAGTAATGATTAATAGGGACAGTTGGGGCCGTTTATATTTCGTTGTCAGAGGTGAAATTCTTGGATTTACGAAAGATAAACTTGTGCGAAAGCATTCGGCAAGGATGTTTTCA
>AB240964 Eukaryota|Diaphoretickes|Cryptista|Cryptophyceae|Cryptomonadales|lineage-E|Rpauca-clade|strain=SAG-28.87	AGCTCTAATAGCGTATATTAAAGTTGTTGCAGTTAAAAAGCTCGTAGTCGGATGTCGGGCTCGGGGAGGCTGTCGGCCTTTGGTCGGACGGCATGTCCGGGCCTTTCTGCCTGGGGATCCTATTCTACTTAACTGTAGGGTAGTGGGACGCAGGCCGTTTACTTTGAAAAAATTAGAGTGTTCAAAGCAGGCCTACGCTTGAATACATTAGCATGGAATAATGGAATAGGACTTTGGTCTTATTTGTTGGTTTATGGGACCGAAGTAATGATTAACAGGGACAGTTGGGGCCGTTTATATTTCGTTGTCAGAGGTGAAATTCTTGGATTTACGAAAGATAAACTTCTGCGAAAGCATTCGGCAAGGATGTTTTCA
>AB241128 Eukaryota|Diaphoretickes|Cryptista|Cryptophyceae|Cryptomonadales|lineage-E|Rirregularis-clade|Rhodomonas+baltica|strain=NIES-700	AGCTCTAATAGCGTATATTAAAGTTGTTGCAGTTAAAAAGCTCGTAGTCGGATGTCGGGCTCGGGGAGGCTGTCGGCCTTCGGTCGGACGGCATGTCCGGGCCTTTCTGCCTGGGGATCCTACTCTACTTAACTGTAGGGTAGTGGGACGCAGGCCGTTTACTTTGAAAAAATTAGAGTGTTCAAAGCAGGCCTACGCTTGAATACATTAGCATGGAATAATGGAATAGGACTTTGGTCTTATTTGTTGGTTTATGGGACCGAAGTAATGATTAACAGGGACAGTTGGGGCCGTTTATATTTCGTTGTCAGAGGTGAAATTCTTGGATTTACGAAAGATAAACTTCTGCGAAAGCATTCGGCAAGGATGTTTTCA
>AB364287 Eukaryota|Diaphoretickes|Cryptista|Cryptophyceae|Cryptomonadales|lineage-B|Teleaulax+amphioxeia	AGCTCTAATAGCGTATATTAAAGTTGTTGCAGTTAAAAAGCTCGTAGTCGGATGTCGGGCTCGGGCAAGCTGTCGGCCTTTGGTCGGACGGCAGGCTCGGGTCTTTCTGCCTGAGGAACCCGGTTGCTTTAACGAGCTGCCGGTGGACGCAGGTCGTTTACTTTGAAAAAATTAGAGTGTTCAAAGCAGGCTAGCGCTTGAATACATTAGCATGGAATAATGGAATAGGACTTTGGTGCTATTTTGTTGGTTTATGGGACCGAAGTAATGATTAACAGGGACAGTTGGGGCCGTTTATATTTCGTTGTCAGAGGTGAAATTCTTGGATTTACGAAAGATAAACTTCTGCGAAAGCATTCGGCAAGGATGTTTTCA
>AB471786 Eukaryota|Diaphoretickes|Cryptista|Cryptophyceae|Cryptomonadales|lineage-B|Teleaulax+acuta	AGCTCTAATAGCGTATATTAAAGTTGTTGCAGTTAAAAAGCTCGTAGTCGGATGTCGGGCTCGGGCAGGCTGTCGGCTTCGGTCGGACGGCAGGCTCGGGTCTTTCTGCCTGAGGAACCCGTGGCACTTAACTGTGCGGCGTGGGGACGCAGGCCGTTTACTTTGAAAAAATTAGAGTGTTCAAAGCAGGCCTACGCTTGAATACATTAGCATGGAATAATGGAATAGGACTTTGGTGCTATTTTGTTGGTTTATGGGACCGAAGTAATGATTAACAGGGACAGTTGGGGCCGTTTATATTTCGTTGTCAGAGGTGAAATTCTTGGATTTACGAAAGATAAACTTCTGCGAAAGCATTCGGCAAGGATGTTTTCA
>AF143943 Eukaryota|Diaphoretickes|Cryptista|Cryptophyceae|Cryptomonadales|g:Falcomonas|Falcomonas+daucoides|strain=ShP-CSU	AGCTCTAATAGCGTATATTAAAGTTGTTGCAGTTAAAAAGCTCGTAGTCGGATGTCGGGCTCGGGCAGGCTGTCGGCCTCTGGTCGGACGGCAGGCTCGGGCCTTTCTGCCTGGGGACTCCGTCACACTTAACTGTGGGGCGGCTGGACGCAGGCCGTTTACTTTGAAAAAATTAGAGTGTTCAAAGCAGGCCTACGCTTGAATACATTAGCATGGAATAATGGAATAGGACTTTGGTGCTATTTTGTTGGTTTATGGGACCGAAGTAATGATTAATAGGGACAGTTGGGGCCGTTTATATTTCGTTGTCAGAGGTGAAATTCTTGGATTTACGAAAGATAAACTTCTGCGAAAGCATTCGGCAAGGATGTTTTCA
>AF143944 Eukaryota|Diaphoretickes|Cryptista|Cryptophyceae|Cryptomonadales|lineage-D|g:Hemiselmis|Hemiselmis+amylosa|strain=CowL-CSU	AGCTCTAATAGCGTATATTAAAGTTGTTGCAGTTAAAAAGCTCGTAGTCGGATGTCGGGCTCGGGCAGGCTGTCGGCCTCTGGTCGGACGGCAGGCTCGGGTCTTTTTGCCTGGGGGCTCCGTCACACTTAACTGTGGGGCGGTAGGTCGCAGGCCGTTTACTTTGAAAAAATTAGAGTGTTCAAAGCAGGCCTACGCTTGAATACATTAGCATGGAATAATGGAATAGGACTTTGGTGCTATTTTGTTGGTTTATGGGACTGAAGTAATGATTAATAGGGACAGTTGGGGCCGTTTATATTTCGTTGTCAGAGGTGAAATTCTTGGATTTACGAAAGATAAACTTCTGCGAAAGCATTCGGCAAGGATGTTTTCA
>AF508267 Eukaryota|Diaphoretickes|Cryptista|Cryptophyceae|Cryptomonadales|g:Cryptomonas|Cryptomonas+pyrenoidifera|strain=CCMP-152	AGCTCTAATAGCATATATTAAAGTTGTTGCAGTTAAAAAGCTCGTAGTCGGATTTTGGGCGCGTGTGGGCTGTCGGCCTCTGGTCGGACGGCATGCGCGTGCCTTTCTGCTTGGGAGCCCCATGGCGGTTCACGCCGTCGTGGTGGGTCACAGGCCGTTTACTTTGAAAAAATTAGAGTGTTCAAAGCAGGCTATTGCTTGAATAGATTAGCATGGAATAATGGAATAGGACCTTGGTGCTATTTCGTTGGTTATGGGACTGGGGTAATGATTAATAGGGACAGTTGGGGCCGTTCATATTTCGTTGTCAGAGGTGAAATTCTTGGATTTACGAACGATGAACTTGTGCGAAAGCATTCGGCAAGGATGTTTTCA
>AF508268 Eukaryota|Diaphoretickes|Cryptista|Cryptophyceae|Cryptomonadales|lineage-D|Cafricana-clade|strain=CCMP-1168	AGCTCTAATAGCGTATATTAAAGTTGTTGCAGTTAAAAAGCTCGTAGTCGGATGTCGGGGTCGGGAGGACTGTTGGCCTCTGGTCGAACGGTAAGCTCGGCCCTTTTTGCCTGGGGACTCTGTCACACTTAACTGTGGGGCGGATGGACGCAGGCCGTTTACTTTGAAAAAATCAGATCGTTCAAAGAAGGCTTTTGCTCGAATATGTTAGCATGGAATAATGGAATAGGACTTTGGTGCTATTTTGTTGGTTTATGGGACCGAAGTAATGATTAATAGGGACAGTTGGGGCCGTTTATATTTCGTTGTCAGAGGTGAAATTCTTGGATTTACGAAAGATAAACTTCTGCGAAAGCATTCGGCAAGGATGTTTTCA
>AF508269 Eukaryota|Diaphoretickes|Cryptista|Cryptophyceae|Cryptomonadales|lineage-D|g:Komma|strain=MUCC-231	AGCTCTAATAGCGTATATTAAAGTTGTTGCAGTTAAAAAGCTCGTAGTCGGATGTCGGGGTCGGGCGGACTCTGGCCTAGTGTCGGGGAGTATGCTCGGCTCTTTTTGCCTGGGGAACCTGTGCGCTTAACTGCGTTGCAGGTGTACGCAGGTCGTTTACTTTGAAAAAATTAGAGTGTTCAAAGCAGGCCTACGCTTGAATACATTAGCATGGAATAATGGAATAGGACTTTGGTTCTATTTTGTTGGTTTATGGAACCGAAGTAATGATTAATAGGGACAGTTGGGGCCGTTTATATTTCGTTGTCAGAGGTGAAATTCTTGGATTTACGAAAGATAAACTTCTGCGAAAGCATTCGGCAAGGATGTTTTCA
>AF508272 Eukaryota|Diaphoretickes|Cryptista|Cryptophyceae|Cryptomonadales|lineage-B|Plagioselmis+prolonga|strain=MUCC012	AGCTCTAATAGCGTATATTAAAGTTGTTGCAGTTAAAAAGCTCGTAGTCGGATGTCGGGCTCGGGCAAGCTGTCGGCCTTTGGTCGGACGGCAGGCTCGGGTCTTTCTGCCTGAGGAACCCGGTTGCTTTAACGAGCTGCCGGTGGACGCAGGTCGTTTACTTTGAAAAAATTAGAGTGTTCAAAGCAGGCTAGCGCTTGAATACATTAGCATGGAATAATGGAATAGGACTTTGGTGCTATTTTGTTGGTTTATGGGACCGAAGTAATGATTAACAGGGACAGTTGGGGCCGTTTATATTTCGTTGTCAGAGGTGAAATTCTTGGATTTACGAAAGATAAACTTCTGCGAAAGCATTCGGCAAGGATGTTTTCA
>AF508273 Eukaryota|Diaphoretickes|Cryptista|Cryptophyceae|Cryptomonadales|lineage-E|Rpauca-clade|strain=Deane-2002	AGCTCTAATAGCGTATATTAAAGTTGTTGCAGTTAAAAAGCTCGTAGTCGGATGTCGGGCTCGGGGAGGCTGTCGGCCTTTGGTCGGACGGCATGTCCGGGCCTTTCTGCCTGGGGATCCTATTCTACTTAACTGTAGGGTAGTGGGACGCAGGCCGTTTACTTTGAAAAAATTAGAGTGTTCAAAGCAGGCCTACGCTTGAATACATTAGCATGGAATAATGGAATAGGACTTTGGTCTTATTTGTTGGTTTATGGGACCGAAGTAATGATTAACAGGGACAGTTGGGGCCGTTTATATTTCGTTGTCAGAGGCGAAATTCTTGGATTTACGAAAGATAAACTTCTGCGAAAGCATTCGGCAAGGATGTTTTCA
>AF508274 Eukaryota|Diaphoretickes|Cryptista|Cryptophyceae|Cryptomonadales|lineage-E|Rpauca-clade|strain=MUCC-053	AGCTCTAATAGCGTATATTAAAGTTGTTGCAGTTAAAAAGCTCGTAGTCGGATGTCGGGCTCGGGGAGGCTGTCGGCCTTTGGTCGGACGGCATGTCCGGGCCTTTCTGCCTGGGGATCCTATTCTACTTAACTGTAGGGTAGTGGGACGCAGGCCGTTTACTTTGAAAAAATTAGAGTGTTCAAAGCAGGCCTACGCTTGAATACATTAGCATGGAATAATGGAATAGGACTTTGGTCTTATTTGTTGGTTTATGGGACCGAAGTAATGATTAACAGGGACAGTTGGGGCCGTTTATATTTCGTTGTCAGAGGTGAAATTCTTGGATTTACGAAAGATAAACTTCTGCGAAAGCATTCGGCAAGGATGTTTTCA
>AF508275 Eukaryota|Diaphoretickes|Cryptista|Cryptophyceae|Cryptomonadales|lineage-B|Teleaulax+acuta|strain=MUCC088	AGCTCTAATAGCGTATATTAAAGTTGTTGCAGTTAAAAAGCTCGTAGTCGGATGTCGGGCTCGGGCAGGCTGTCGGCTTCGGTCGGACGGCAGGCTCGGGTCTTTCTGCCTGAGGAACCCGTGGCACTTAACTGTGCGGCGTGGGGACGCAGGCCGTTTACTTTGAAAAAATTAGAGTGTTCAAAGCAGGCCTACGCTTGAATACATTAGCATGGAATAATGGAATAGGACTTTGGTGCTATTTTGTTGGTTTATGGGACCGAAGTAATGATTAACAGGGACAGTTGGGGCCGTTTATATTTCGTTGTCAGAGGTGAAATTCTTGGATTTACGAAAGATAAACTTCTGCGAAAGCATTCGGCAAGGATGTTTTCA
>AF508276 Eukaryota|Diaphoretickes|Cryptista|Cryptophyceae|Cryptomonadales|lineage-E|Rduplex-clade|strain=CCMP-1868	AGCTCTAATAGCGTATATTAAAGTTGTTGCAGTTAAAAAGCTCGTAGTCGGATGTCGGGCTCGGAGAGGCTGTCGGCCTTCGGTCGGACGGCATCTCCGGGCCTTTCTGCCTGGGGATCCTACTCTACTTAACTGTAGGGTATGGGGACGCAGGCCGTTTACTTTGAAAAAATTAGAGTGTTCAAAGCAGGCCTACGCTTGAATACATTAGCATGGAATAATGGAATAGGACTTTGGTCTTATTTGTTGGTTTATGGGACCGAAGTAATGATTAACAGGGACAGTTGGGGCCGTTTATATTTCGTTGTCAGAGGTGAAATTCTTGGATTTACGAAAGATAAACTTCTGCGAAAGCATTCGGCAAGGATGTTTTCA
>AF508277 Eukaryota|Diaphoretickes|Cryptista|Cryptophyceae|g:Goniomonas|ma-G-clade|Goniomonas+pacifica|strain=CCMP-1869	AGCTCTAATAGCGTATATTAAAGTTGTTGCAGTTAAAAAGCTCGTATTGGATCTCGGGGTCGGAACGGCTGTCGGGCGATGCTCGGACGGCCGGTTTGGCTCCTTTCTTCCGAGGCTTGCGTCTCTTTCACTAGAGGGCGTTGGGGCTCGGATCGTTTACTTTGAAAAAATTAGAGTGTTCAAAGCAGCCCTTCCTTGAATACTTACATGGAATAATGGAATACGACCGCCGTTCTATTTTGTTGGTTTCAGGACCGAAGTATTGATTAAAAGGATCGTTGGGGCCGTTTGTTTCCGTTGTCAGAGGTGAAATTCTTGGATTTACCGAAGACAAACTTCTGCGAAAGCCTCGGCCAGGATGTTTTCA
>AJ007276 Eukaryota|Diaphoretickes|Cryptista|Cryptophyceae|Cryptomonadales|g:Cryptomonas|Cryptomonas+paramecium|strain=M1303	AGCTCTAATAGCATATATTAAAGTTGTTGCAGTTAAAAAGCTCGTAGTCGGATTTTGGGTGCGTGTGGGCAGTCGGCTTCTGTCGTACAGCACGCACGCGCCTTTCTGCTTGGGATCCCTGCGGTTCTCCGTGGTGGGTTACAGGCCGTTTACTTTGAAAAAATTAGAGTGTTCAAAGCAGGCTATTGCTTGAATAGATTAGCATGGAATAATGGAATAGGACCTCGGTGCTATTTCGTTGGTTATGGGACTGGGGTAATGATTAATAGGGACAGTTGGGGCCGTTCATATTTCGTTGTCAGAGGTGAAATTCTTGGATTTACGAACGATGAACTTGTGCGAAAGCATTCGGCAAGGATGTTTTCA
>AJ007277 Eukaryota|Diaphoretickes|Cryptista|Cryptophyceae|Cryptomonadales|lineage-D|g:Chroomonas|Chroomonas+nordstedtii|strain=M1312	AGCTCTAATAGCGTATATTAAAGTTGTTGCAGTTAAAAAGCTCGTAGTCGGACTTCGGGCTCGGGCAGGCTGTCGGCCTCTGGTCGGACGGCAGGCTCGGGTCTTTTTGCCTGGGGACTCTGTCACACTTAACTGTGGGGCGGATGGACGCAGGCCGTTTACTTTGAAAAAATTAGAGTGTTCAAAGCAGGCCTACGCTTGAATACATTAGCATGGAATAATGGAATAGGACTTTGGTGCTATTTTGTTGGTTTATGGGACCGAAGTAATGATTAATAGGGACAGTTGGGGCCGTTTATATTTCGTTGTCAGAGGTGAAATTCTTGGATTTACGAAAGATAAACTTCTGCGAAAGCATTCGGCAAGGATGTTTTCA
>AJ007278 Eukaryota|Diaphoretickes|Cryptista|Cryptophyceae|Cryptomonadales|lineage-D|Cafricana-clade|strain=M1481	AGCTCTAATAGCGTATATTAAAGTTGTTGCAGTTAAAAAGCTCGTAGTCGGATGTCGGGGTCGGGAGGACTGTTGGCCTCTGGTCGAACGGTAAGCTCGGCCCTTTTTGCCTGGGGACTCTGTCACACTTAACTGTGGGGCGGATGGTCGCAGGCCGTTTACTTTGAAAAAATCAGATCGTTCAAAGAAGGCTTTTGCTCGAATATGTTAGCATGGAATAATGGAATAGGACTTTGGTGCTATTTTGTTGGTTTATGGGACCGAAGTAATGATTAATAGGGACAGTTGGGGCCGTTTATATTTCGTTGTCAGAGGTGAAATTCTTGGATTTACGAAAGATAAACTTCTGCGAAAGCATTCGGCAAGGATGTTTTCA
>AJ007279 Eukaryota|Diaphoretickes|Cryptista|Cryptophyceae|Cryptomonadales|lineage-D|g:Chroomonas|Chroomonas+debatzensis|strain=M1318	AGCTCTAATAGCGTATATTAAAGTTGTTGCAGTTAAAAAGCTCGTAGTCGGACTTCGGGCTCGGGCAGGCTGTCGGCCTCTGGTCGGACGGCAGGCTCGGGCCTTTTTGCCTGGGGACTCTGTTGCACTTAATTGTGGGGCAGATGGACGCAGGCCGTTTACTTTGAAAAAATTAGAGTGTTCAAAGCAGGCCTACGCTTGAATACATTAGCATGGAATAATGGAATAGGACTTTGGTGCTATTTTGTTGGTTTATGGGACCGAAGTAATGATTAATAGGGACAGTTGGGGCCGTTTATATTTCGTTGTCAGAGGTGAAATTCTTGGATTTACGAAAGATAAACTTCTGCGAAAGCATTCGGCAAGGATGTTTTCA
>AJ007280 Eukaryota|Diaphoretickes|Cryptista|Cryptophyceae|Cryptomonadales|g:Cryptomonas|Cryptomonas+curvata|strain=M420	AGCTCTAATAGCATATATTAAAGTTGTTGCAGTTAAAAAGCTCGTAGTCGGATTTTGGGCGCGTGTGAACTGTCAGCCTCTGGTTGGACGGTGCGCGCGTGCCTTTCTGCTTGGGAGCCCCATGGTGGTTAATTCTGTCGTGGTGGGTCACAGGCCGTTTACTTTGAAAAAATTAGAGTGTTCAAAGCAGGCTGTTGCTTGAATAGATTAGCATGGAATAATGGAATAGGACCTTGGTGCTATTTCGTTGGTTATGGGACTGGGGTAATGATTAATAGGGACAGTTGGGGCCGTTCATATTTCGTTGTCAGAGGTGAAATTCTTGGATTTACGAACGATGAACTTGTGCGAAAGCATTCGGCAAGGATGTTTTCA
>AJ007281 Eukaryota|Diaphoretickes|Cryptista|Cryptophyceae|Cryptomonadales|g:Cryptomonas|Cryptomonas+obovoidea|strain=M1094	AGCTCTAATAGCATATATTAAAGTTGTTGCAGTTAAAAAGCTCGTAGTCGGATTTTGGGTGCATGAGGGCTGTCGGCCTCTGGTCGGACGGCAGTTGTGTGCCTTTCTGCTTGGGAGCCCCAGGGGATTTAACCGTCCTCTGGTGGGTCACAGGCCGTTTACTTTGAAAAAATTAGAGTGTTCAAAGCAGGCTATCGCTTGAATACATTAGCATGGAATAATGGAATAGGACCTTGGTGCTATTTCGTTGGTTATGGGACTGGGGTAATGATTAATAGGGACAGTTGGGGCCGTTCATATTTCGTTGTCAGAGGTGAAATTCTTGGATTTACGAACGATGAACTTGTGCGAAAGCATTCGGCAAGGATGTTTTCA
>AJ007282 Eukaryota|Diaphoretickes|Cryptista|Cryptophyceae|Cryptomonadales|lineage-D|g:Hemiselmis|Hemiselmis+brunnescens|strain=CCAP-984/2	AGCTCTAATAGCGTATATTAAAGTTGTTGCAGTTAAAAAGCTCGTAGTCGGATGTCGGGCTCGGGCRGGCTGTCGGCCTCTGGTCGGACGGCAGGCTCGGGTCTTTTTGCCTGGGGGCTCCGTCACACTTAACTGTGGGGCGGCAGGTCGCAGGCCGTTTACTTTGAAAAAATTAGAGTGTTCAAAGCAGGCCTACGCTTGAATACATTAGCATGGAATAATGGAATAGGACTTTGGTGCTATTTTGTTGGTTTATGGGACTGAAGTAATGATTAATAGGGACAGTTGGGGCCGTTTATATTTCGTTGTCAGAGGTGAAATTCTTGGATTTACGAAAGATAAACTTCTGCGAAAGCATTCGGCAAGGATGTTTTCA
>AJ007283 Eukaryota|Diaphoretickes|Cryptista|Cryptophyceae|Cryptomonadales|lineage-D|g:Hemiselmis|strain=CCMP-439	AGCTCTAATAGCGTATATTAAAGTTGTTGCAGTTAAAAAGCTCGTAGTCGGATGTCGGGCTCGGGCAGGCTGTCGGCCTCTGGTCGGACGGCAGGCTCGGGTCTTTTTGCCTGGGGGCTCCGTCACACTTAACTGTGGGGCGGTAGGTCGCAGGCCGTTTACTTTGAAAAAATTAGAGTGTTCAAAGCAGGCCTACGCTTGAATACATTAGCATGGAATAATGGAATAGGACTTTGGTGCTATTTTGTTGGTTTATGGGACTGAAGTAATGATTAATAGGGACAGTTGGGGCCGTTTATATTTCGTTGTCAGAGGTGAAATTCTTGGATTTACGAAAGATAAACTTCTGCGAAAGCATTCGGCAAGGATGTTTTCA
>AJ007284 Eukaryota|Diaphoretickes|Cryptista|Cryptophyceae|Cryptomonadales|lineage-D|g:Hemiselmis|Hemiselmis+tepida|strain=CCMP-443	AGCTCTAATAGCGTATATTAAAGTTGTTGCAGTTAAAAAGCTCGTAGTCGGATGTCGGGCTCGGGCAGGCTGTCGGCCTCTGGTCGGACGGCAGGCTCGGGTCTTTTTGCCTGGGGGCTCCGTCACACTTAACTGTGGGGCGGTAGGTCGCAGGCCGTTTACTTTGAAAAAATTAGAGTGTTCAAAGCAGGCCTACGCTTGAATACATTAGCATGGAATAATGGAATAGGACTTTGGTGCTATTTTGTTGGTTTATGGGACTGAAGTAATGATTAATAGGGACAGTTGGGGCCGTTTATATTTCGTTGTCAGAGGTGAAATTCTTGGATTTACGAAAGATAAACTTCTGCGAAAGCATTCGGCAAGGATGTTTTCA
>AJ007285 Eukaryota|Diaphoretickes|Cryptista|Cryptophyceae|Cryptomonadales|g:Proteomonas|Proteomonas+sulcata|strain=CCMP-704	AGCTCTAATAGCGTATACTTAAGTTGTTGCAGTTAAAAAGCTCGTAGTCGGATGTCGGGCTTGGGCAGGCTGTCGGCTTTTGTCGGACGGCAGGCTCGGGCCTTTCTGCCTGGGGACCGCGTCACACTTCACTGTGGGGCGTTGGGACGCAGGCCGTTTACTTTGAAAAAATTAGAGTGTTCAAAGCAGGCCTACGCTTGAATACATTAGCATGGAATAATGGAATAGGACTTTGGTGCCATTCTGTTGGTTTATGGAACCGAAGTAATGATTAATAGGGACAGTTGGGGCCGTTTATATTTCGTTGTCAGAGGTGAAATTCTTGGATTTACGAAAGATAAACTTCTGCGAAAGCATTCGGCAAGGATGTTTTCA
>AJ007286 Eukaryota|Diaphoretickes|Cryptista|Cryptophyceae|Cryptomonadales|lineage-E|Rpauca-clade|strain=M1480	AGCTCTAATAGCGTATATTAAAGTTGTTGCAGTTAAAAAGCTCGTAGTCGGATGTCGGGCTCGGGGAGGCTGTCGGCCTTTGGTCGGATGGCATGTCCGGGCCTTTCTGCCTGGGGATCCTACTCTACTTAACTGTAGGGTAGTGGGACGCAGGCCGTTTACTTTGAAAAAATTAGAGTGTTCAAAGCAGGCCTACGCTTGAATACATTAGCATGGAATAATGGAATAGGACTTTGGTCTTATTTGTTGGTTTATGGGACCGAAGTAATGATTAACAGGGACAGTTGGGGCCGTTTATATTTCGTTGTCAGAGGTGAAATTCTTGGATTTACGAAAGATAAACTTCTGCGAAAGCATTCGGCAAGGATGTTTTCA
>AJ007287 Eukaryota|Diaphoretickes|Cryptista|Cryptophyceae|Cryptomonadales|lineage-B|Teleaulax+amphioxeia|strain=SCCAP-K-0434	AGCTCTAATAGCGTATATTAAAGTTGTTGCAGTTAAAAAGCTCGTAGTCGGATGTCGGGCTCGGGCAAGCTGTCGGCCTTTGGTCGGACGGCAGGCTCGGGTCTTTCTGCCTGAGGAACCCGGTTGCTTTAACGAGCTGCCGGTGGACGCAGGTCGTTTACTTTGAAAAAATTAGAGTGTTCAAAGCAGGCTAGCGCTTGAATACATTAGCATGGAATAATGGAATAGGACTTTGGTGCTATTTTGTTGGTTTATGGGCCCGAAGTAATGATTAACAGGGACAGTTGGGGCCGTTTATATTTCGTTGTCAGAGGTGAAATTCTTGGATTTACGAAAGATAAACTTCTGCGAAAGCATTCGGCAAGGATGTTTTCA
>AJ420695 Eukaryota|Diaphoretickes|Cryptista|Cryptophyceae|Cryptomonadales|g:Cryptomonas|Cryptomonas+ovata|strain=M1171	AGCTCTAATAGCATATATTAAAGTTGTTGCAGTTAAAAAGCTCGTAGTCGGATTTTGGGCGCGTGTGGGCTGTTGGCCTCTGGTCGGACGGCACGCGCGTGCCTTTCTGCTTGGGAGCCCCATGGCGGTTCACGCCGTCGTGGTGGGTCGCAGGCCGTTTACTTTGAAAAAATTAGAGTGTTCAAAGCAGGCTGTTGCTTGAATAGATTAGCATGGAATAATGGAATAGGACCTTGGTGCTATTTCGTTGGTTATGGGACCGGGGTAATGATTAATAGGGACAGTTGGGGCCGTTCATATTTCGTTGTCAGAGGTGAAATTCTTGGATTTACGAACGATGAACTTGTGCGAAAGCATTCGGCAAGGATGTTTTCA
>AJ420696 Eukaryota|Diaphoretickes|Cryptista|Cryptophyceae|Cryptomonadales|g:Cryptomonas|strain=SCCAP-K-0063	AGCTCTAATAGCATATATTAAAGTTGTTGCAGTTAAAAAGCTCGTAGTCGGATTTTGGGCTCGTGTAGGCTGTCGGCCTCTGGTCGGATGGCATGCGCGTGCCTTTCTGCTTGGGAGCCCCATGGCGGTTAACGCCGTCGTGGTGGGTCACAGGCCGTTTACTTTGAAAAAATTAGAGTGTTCAAAGCAGGCTGTTGCTTGAATAGATTAGCATGGAATAATGGAATAGGACCTTGGTGCTATTTCGTTGGTTATGGGACTGGGGTAATGATTAATAGGGACAGTTGGGGCCGTTCATATTTCGTTGTCAGAGGTGAAATTCTTGGATTTACGAACGATGAACTTGTGCGAAAGCATTCGGCAAGGATGTTTTCA
>AJ420697 Eukaryota|Diaphoretickes|Cryptista|Cryptophyceae|Cryptomonadales|g:Cryptomonas|Cryptomonas+commutata|strain=M0739	AGCTCTAATAGCATATATTAAAGTTGTTGCAGTTAAAAAGCTCGTAGTCGGATTTTGGGTGCATGAGGGCTGTTGGCCTCTGGTCGAACGGCATTCGTGTGCCTTTCTGCTTGGGAGCCCCAGGATGTTTCACGACTTTCTGGTGGGTCACAGGCCGTTTACTTTGAAAAAATTAGAGTGTTCAAAGCAGGCTAACGCTTGAATACATTAGCATGGAATAATGGAATAGGACCTTGGTGCTATTTCGTTGGTTATGGGACTGGGGTAATGATTAATAGGGACAGTTGGGGCCGTTCATATTTCGTTGTCAGAGGTGAAATTCTTGGATTTACGAACGATGAACTTGTGCGAAAGCATTCGGCAAGGATGTTTTCA
>AJ420698 Eukaryota|Diaphoretickes|Cryptista|Cryptophyceae|Cryptomonadales|lineage-D|g:Komma|strain=SAG-B-980-1	AGCTCTAATAGCGTATATTAAAGTTGTTGCAGTTAAAAAGCTCGTAGTCGGATGTCGGGGCCGGGCAAGCTTTTGGCCTCTGGTTGATTTGTTTGCTCGGCTCTTTTTGCCTGGGGACCCCGTTGTGCTTAACTGCAGGGCGGGTGTACGCAGGCCGTTTACTTTGAAAAAATTAGAGTGTTCAAAGCAGGCCTACGCTTGAATACATTAGCATGGAATAATGGAATAGGACTTTGGTTCTATTTTGTTGGTTTATGGAGCCGAAGTAATGATTAATAGGGACAGTTGGGGCCGTTTATATTTCGTTGTCAGAGGTGAAATTCTTGGATTTACGAAAGATAAACTTCTGCGAAAGCATTCGGCAAGGATGTTTTCA
>AJ420699 Eukaryota|Diaphoretickes|Cryptista|Cryptophyceae|Cryptomonadales|lineage-D|g:Chroomonas|Chroomonas+debatzensis|strain=M1703	AGCTCTAATAGCGTATATTAAAGTTGTTGCAGTTAAAAAGCTCGTAGTCGGACTTCGGGCTCGGGCAGGCTGTCGGCCTCTGGTCGGACGGCAGGCTCGGGCCTTTTTGCCTGGGGACTCTGTTGCACTTAATTGTGGGGCAGATGGACGCAGGCCGTTTACTTTGAAAAAATTAGAGTGTTCAAAGCAGGCCTACGCTTGAATACATTAGCATGGAATAATGGAATAGGACTTTGGTGCTATTTTGTTGGTTTATGGGACCGAAGTAATGATTAATAGGGACAGTTGGGGCCGTTTATATTTCGTTGTCAGAGGTGAAATTCTTGGATTTACGAAAGATAAACTTCTGCGAAAGCATTCGGCAAGGATGTTTTCA
>AJ421147 Eukaryota|Diaphoretickes|Cryptista|Cryptophyceae|Cryptomonadales|g:Cryptomonas|Cryptomonas+pyrenoidifera|strain=CCAP-979/61	AGCTCTAATAGCATATATTAAAGTTGTTGCAGTTAAAAAGCTCGTAGTCGGATTTTGGGCGCGTGTGGGCTGTCGGCCTCTGGTCGGACGGCATGCGCGTGCCTTTCTGCTTGGGAGCCCCATGGCGGTTCACGCCGTCGTGGTGGGTCACAGGCCGTTTACTTTGAAAAAATTAGAGTGTTCAAAGCAGGCTATTGCTTGAATAGATTAGCATGGAATAATGGAATAGGACCTTGGTGCTATTTCGTTGGTTATGGGACTGGGGTAATGATTAATAGGGACAGTTGGGGCCGTTCATATTTCGTTGTCAGAGGTGAAATTCTTGGATTTACGAACGATGAACTTGTGCGAAAGCATTCGGCAAGGATGTTTTCA
>AJ421148 Eukaryota|Diaphoretickes|Cryptista|Cryptophyceae|Cryptomonadales|lineage-E|Rduplex-clade|strain=M1630	AGCTCTAATAGCGTATATTAAAGTTGTTGCAGTTAAAAAGCTCGTAGTCGGATGTCGGGCTCGGAGAGGCTGTCGGCCTACGGTCGGACGGCAACTCCGGGCCTTTCTGCCTGGGGATCCTACTCTACTTAATTGTAGGGTAGTGGGACGCAGGCCGTTTACTTTGAAAAAATTAGAGTGTTCAAAGCAGGCCTACGCTTGAATACATTAGCATGGAATAATGGAATAGGACTTTGGTCTTATTTGTTGGTTTATGGGACCGAAGTAATGATTAACAGGGACAGTTGGGGCCGTTTATATTTCGTTGTCAGAGGTGAAATTCTTGGATTTACGAAAGATAAACTTCTGCGAAAGCATTCGGCAAGGATGTTTTCA
>AJ421149 Eukaryota|Diaphoretickes|Cryptista|Cryptophyceae|Cryptomonadales|g:Cryptomonas|Cryptomonas+gyropyrenoidosa|strain=M1079	AGCTCTAATAGCATATATTAAAGTTGTTGCAGTTAAAAAGCTCGTAGTCGGATTTCGGGCGCGTGTGAGCTGTCGGCCTCTGGTCGGACGGCATGCGCGTGCCTTTCTGCTTGGGAGCCCCATGGTGGTTCACGCCATCGTGGTGGGTCACAGGCCGTTTACTTTGAAAAAATTAGAGTGTTCAAAGCAGGCTGTTGCTTGAATAGATTAGCATGGAATAATGGAATAGGACCTTGGTGCTATTTCGTTGGTTATGGGACTGGGGTAATGATTAATAGGGACAGTTGGGGCCGTTCATATTTCGTTGTCAGAGGTGAAATTCTTGGATTTACGAACGATGAACTTGTGCGAAAGCATTCGGCAAGGATGTTTTCA
>AJ421150 Eukaryota|Diaphoretickes|Cryptista|Cryptophyceae|Cryptomonadales|g:Cryptomonas|Cryptomonas+pyrenoidifera|strain=CCMP-152	AGCTCTAATAGCATATATTAAAGTTGTTGCAGTTAAAAAGCTCGTAGTCGGATTTTGGGCGCGTGTGGGCTGTCGGCCTCTGGTCGGACGGCATGCGCGTGCCTTTCTGCTTGGGAGCCCCATGGCGGTTCACGCCGTCGTGGTGGGTCACAGGCCGTTTACTTTGAAAAAATTAGAGTGTTCAAAGCAGGCTATTGCTTGAATAGATTAGCATGGAATAATGGAATAGGACCTTGGTGCTATTTCGTTGGTTATGGGACTGGGGTAATGATTAATAGGGACAGTTGGGGCCGTTCATATTTCGTTGTCAGAGGTGAAATTCTTGGATTTACGAACGATGAACTTGTGCGAAAGCATTCGGCAAGGATGTTTTCA
>AM051188 Eukaryota|Diaphoretickes|Cryptista|Cryptophyceae|Cryptomonadales|g:Cryptomonas|Cryptomonas+borealis|strain=CCAC-0113	AGCTCTAATAGCATATATTAAAGTTGTTGCAGTTAAAAAGCTCGTAGTCGGATTTTGGGCTCGTGTGGGCTGTCAGCCTCTGGTTGGACGGCATGCGCGTGCCTTTCTGCTTGGGAGCCCCATGGTGGTTCACGCCATCGTGGTGGGTCACAGGCCGTTTACTTTGAAAAAATTAGAGTGTTCAAAGCAGGCTGTTGCTTGAATATATTAGCATGGAATAATGGAATAGGACCTTGGTGCTATTTCGTTGGTTATGGGACTGGGGTAATGATTAATAGGGACAGTTGGGGCCGTTCATATTTCGTTGTCAGAGGTGAAATTCTTGGATTTACGAACGATGAACTTGTGCGAAAGCATTCGGCAAGGATGTTTTCA
>AM051189 Eukaryota|Diaphoretickes|Cryptista|Cryptophyceae|Cryptomonadales|g:Cryptomonas|Cryptomonas+curvata|strain=CCAC-0080	AGCTCTAATAGCATATATTAAAGTTGTTGCAGTTAAAAAGCTCGTAGTCGGATTTTGGGCGCGTGTGAACTGTCAGCCTCTGGTTGGACGGTGCGCGCGTGCCTTTCTGCTTGGGAGCCCCATGGTGGTTAATTCTGTCGTGGTGGGTCACAGGCCGTTTACTTTGAAAAAATTAGAGTGTTCAAAGCAGGCTGTTGCTTGAATAGATTAGCATGGAATAATGGAATAGGACCTTGGTGCTATTTCGTTGGTTATGGGACTGGGGTAATGATTAATAGGGACAGTTGGGGCCGTTCATATTTCGTTGTCAGAGGTGAAATTCTTGGATTTACGAACGATGAACTTGTGCGAAAGCATTCGGCAAGGATGTTTTCA
>AM051190 Eukaryota|Diaphoretickes|Cryptista|Cryptophyceae|Cryptomonadales|g:Cryptomonas|Cryptomonas+lundii|strain=CCAC-0107	AGCTCTAATAGCATATATTAAAGTTGTTGCAGTTAAAAAGCTCGTAGTCGGATTTTGGGCGCGTGTGGGCTGTCGGCTTTTAGTCGGATGGCATGCGCGTGCCTTTCTGCTTGGGAGCCCCATGGCGGTTAACGCCGTTGTGGTGGGTCACAGGCCGTTTACTTTGAAAAAATTAGAGTGTTCAAAGCAGGCTGTTGCTTGAATAGATTAGCATGGAATAATGGAATAGGACCTTGGTGCTATTTCGTTGGTTATGGGACTGGGGTAATGATTAATAGGGACAGTTGGGGCCGTTCATATTTCGTTGTCAGAGGTGAAATTCTTGGATTTACGAACGATGAACTTGTGCGAAAGCATTCGGCAAGGATGTTTTCA
>AM051191 Eukaryota|Diaphoretickes|Cryptista|Cryptophyceae|Cryptomonadales|g:Cryptomonas|Cryptomonas+marssonii|strain=CCAC-0086	AGCTCTAATAGCATATATTAAAGTTGTTGCAGTTAAAAAGCTCGTAGTCGGATTTTGGGCGCGTGTGGGCTGTTGGCCTCTGGTCGGATGGCGTGCGCGCGCCTTTCTGCTTGGGAGCCCCATGGCGGTTCACGCCGTCGTGGTGGGTCACAGGCCGTTTACTTTGAAAAAATTAGAGTGTTCAAAGCAGGCTATCGCTTGAATAGATTAGCATGGAATAATGGAATAGGACCTTGGTGCTATTTCGTTGGTTATGGGACTGGGGTAATGATTAATAGGGACAGTTGGGGCCGTTCATATTTCGTTGTCAGAGGTGAAATTCTTGGATTTACGAACGATGAACTTGTGCGAAAGCATTCGGCAAGGATGTTTTCA
>AM051192 Eukaryota|Diaphoretickes|Cryptista|Cryptophyceae|Cryptomonadales|g:Cryptomonas|Cryptomonas+marssonii|strain=CCAC-0103	AGCTCTAATAGCATATATTAAAGTTGTTGCAGTTAAAAAGCTCGTAGTCGGATTTTGGGCGCGTGTGGGCTGTTGGCCTCTGGTCGGATGGCGTGCGCGCGCCTTTCTGCTTGGGAGCCCCATGGCGGTTCACGCCGTCGTGGTGGGTCACAGGCCGTTTACTTTGAAAAAATTAGAGTGTTCAAAGCAGGCTATCGCTTGAATAGATTAGCATGGAATAATGGAATAGGACCTTGGTGCTATTTCGTTGGTTATGGGACTGGGGTAATGATTAATAGGGACAGTTGGGGCCGTTCATATTTCGTTGTCAGAGGTGAAATTCTTGGATTTACGAACGATGAACTTGTGCGAAAGCATTCGGCAAGGATGTTTTCA
>AM051193 Eukaryota|Diaphoretickes|Cryptista|Cryptophyceae|Cryptomonadales|g:Cryptomonas|Cryptomonas+ovata|strain=CCAC-0064	AGCTCTAATAGCATATATTAAAGTTGTTGCAGTTAAAAAGCTCGTAGTCGGATTTTGGGCGCGTGTGGGCTGTTGGCCTCTGGTCGGACGGCACGCGCGTGCCTTTCTGCTTGGGAGCCCCATGGCGGTTCACGCCGTCGTGGTGGGTCGCAGGCCGTTTACTTTGAAAAAATTAGAGTGTTCAAAGCAGGCTGTTGCTTGAATAGATTAGCATGGAATAATGGAATAGGACCTTGGTGCTATTTCGTTGGTTATGGGACCGGGGTAATGATTAATAGGGACAGTTGGGGCCGTTCATATTTCGTTGTCAGAGGTGAAATTCTTGGATTTACGAACGATGAACTTGTGCGAAAGCATTCGGCAAGGATGTTTTCA
>AM051194 Eukaryota|Diaphoretickes|Cryptista|Cryptophyceae|Cryptomonadales|g:Cryptomonas|Cryptomonas+paramecium|strain=CCAP-977/1	AGCTCTAATAGCATATATTAAAGTTGTTGCAGTTAAAAAGCTCGTAGTCGGATTTTGGGCGCGTGTGGGCAGTCGGCTTCCGTCGTTCAGCACGCACGCGCCTTTCTGCTTGGGATCCCCGCGGTTCGCCGTGGTGGGTTACAGGCCGTTTACTTTGAAAAAATTAGAGTGTTCAAAGCAGGCTATTGCTTGAATAGATTAGCATGGAATAATGGAATAGGACCTCGGTGCTATTTCGTTGGTTATGGGACTGGGGTAATGATTAATAGGGACAGTTGGGGCCGTTCATATTTCGTTGTCAGAGGTGAAATTCTTGGATTTACGAACGATGAACTTGTGCGAAAGCATTCGGCAAGGATGTTTTCA
>AM051195 Eukaryota|Diaphoretickes|Cryptista|Cryptophyceae|Cryptomonadales|g:Cryptomonas|Cryptomonas+paramecium|strain=M2180	AGCTCTAATAGCATATATTAAAGTTGTTGCAGTTAAAAAGCTCGTAGTCGGATTTTGGGTGCGTGTGGGCAGTCGGCTTCTGTCGTACAGCACGCACGCGCCTTTCTGCTTGGGATCCCTGCGGTTCTCCGTGGTGGGTTACAGGCCGTTTACTTTGAAAAAATTAGAGTGTTCAAAGCAGGCTATTGCTTGAATAGATTAGCATGGAATAATGGAATAGGACCTCGGTGCTATTTCGTTGGTTATGGGACTGGGGTAATGATTAATAGGGACAGTTGGGGCCGTTCATATTTCGTTGTCAGAGGTGAAATTCTTGGATTTACGAACGATGAACTTGTGCGAAAGCATTCGGCAAGGATGTTTTCA
>AM051196 Eukaryota|Diaphoretickes|Cryptista|Cryptophyceae|Cryptomonadales|g:Cryptomonas|Cryptomonas+paramecium|strain=M2452	AGCTCTAATAGCATATATTAAAGTTGTTGCAGTTAAAAAGCTCGTAGTCGGATTTTGGGCGCGTGTGGGCAGTCGGCTTCCGTCGTACAGCATGCACGCGCCTTTCTGCTTGGGATCCCCGCGGTTCGCCGTGGTGGGTTACAGGCCGTTTACTTTGAAAAAATTAGAGTGTTCAAAGCAGGCTATTGCTTGAATAGATTAGCATGGAATAATGGAATAGGACCTCGGTGCTATTTCGTTGGTTATGGGACTGGGGTAATGATTAATAGGGACAGTTGGGGCCGTTCATATTTCGTTGTCAGAGGTGAAATTCTTGGATTTACGAACGATGAACTTGTGCGAAAGCATTCGGCAAGGATGTTTTCA
>AM051197 Eukaryota|Diaphoretickes|Cryptista|Cryptophyceae|Cryptomonadales|g:Cryptomonas|Cryptomonas+pyrenoidifera|strain=M1077	AGCTCTAATAGCATATATTAAAGTTGTTGCAGTTAAAAAGCTCGTAGTCGGATTTTGGGCGCGTGTGGGCTGTCGGCCTCTGGTCGGACGGCATGCGCGTGCCTTTCTGCTTGGGAGCCCCATGGCGGTTCACGCCGTCGTGGTGGGTCACAGGCCGTTTACTTTGAAAAAATTAGAGTGTTCAAAGCAGGCTATTGCTTGAATAGATTAGCATGGAATAATGGAATAGGACCTTGGTGCTATTTCGTTGGTTATGGGACTGGGGTAATGATTAATAGGGACAGTTGGGGCCGTTCATATTTCGTTGTCAGAGGTGAAATTCTTGGATTTACGAACGATGAACTTGTGCGAAAGCATTCGGCAAGGATGTTTTCA
>AM051198 Eukaryota|Diaphoretickes|Cryptista|Cryptophyceae|Cryptomonadales|g:Cryptomonas|Cryptomonas+tetrapyrenoidosa|strain=M1092	AGCTCTAATAGCATATATTAAAGTTGTTGCAGTTAAAAAGCTCGTAGTCGGATTTTGGGCGCGTGTGGGCTGTCGGCCTCTGGTCGGACGGCATGCGCGTGCCTTTTTGCTTGGGGAGCCCATGGCGGTTCACGCCGTCGTGGTGAGCCACAGGCCGTTTACTTTGAAAAAATTAGAGTGTTCAAAGCAGGCTGTTGCTTGAATAGATTAGCATGGAATAATGGAATAGGACCTTGGTGCTATTTCGTTGGTTATGGGACTGGGGTAATGATTAATAGGGACAGTTGGGGCCGTTCATATTTCGTTGTCAGAGGTGAAATTCTTGGATTTACGAACGATGAACTTGTGCGAAAGCATTCGGCAAGGATGTTTTCA
>AM051199 Eukaryota|Diaphoretickes|Cryptista|Cryptophyceae|Cryptomonadales|g:Cryptomonas|Cryptomonas+tetrapyrenoidosa|strain=NIES-279	AGCTCTAATAGCATATATTAAAGTTGTTGCAGTTAAAAAGCTCGTAGTCGGATTTCGGGCGCGTGTGGGCTGTCGGCCTCTGGTCGGACGGCATGCGCGTGCCTTTTTGCTTGGGGAACCCATGGCGGTTCACGCCGTCGTGGTGGGCCACAGGCCGTTTACTTTGAAAAAATTAGAGTGTTCAAAGCAGGCTGTTGCTTGAATAGATTAGCATGGAATAATGGAATAGGACCTTGGTGCTATTTCGTTGGTTATGGGACTGGGGTAATGATTAATAGGGACAGTTGGGGCCGTTCATATTTCGTTGTCAGAGGTGAAATTCTTGGATTTACGAACGATGAACTTGTGCGAAAGCATTCGGCAAGGATGTTTTCA
>AM051200 Eukaryota|Diaphoretickes|Cryptista|Cryptophyceae|Cryptomonadales|g:Cryptomonas|Cryptomonas+obovoidea|strain=CCAP-979/46	AGCTCTAATAGCATATATTAAAGTTGTTGCAGTTAAAAAGCTCGTAGTCGGATTTTGGGTGCATGAGGGCTGTCGGCCTCTGGTCGGACGGCAGTTGTGTGCCTTTCTGCTTGGGAGCCCCAGGGGATTTAACCGTCCTCTGGTGGGTCACAGGCCGTTTACTTTGAAAAAATTAGAGTGTTCAAAGCAGGCTATCGCTTGAATACATTAGCATGGAATAATGGAATAGGACCTTGGTGCTATTTCGTTGGTTATGGGACTGGGGTAATGATTAATAGGGACAGTTGGGGCCGTTCATATTTCGTTGTCAGAGGTGAAATTCTTGGATTTACGAACGATGAACTTGTGCGAAAGCATTCGGCAAGGATGTTTTCA
>AM051201 Eukaryota|Diaphoretickes|Cryptista|Cryptophyceae|Cryptomonadales|g:Cryptomonas|Cryptomonas+erosa|strain=M0741	AGCTCTAATAGCATATATTAAAGTTGTTGCAGTTAAAAAGCTCGTAGTCGGATTTTGGGTGCATGAGGGCTGTCGGCCTCTGGTCGGACGGCATTCGTGTGCCTTTCTGCTTGGGAGCCCCAGGGCGGTTCACGCCGTCGTGGTGGGTCACAGGCCGTTTACTTTGAAAAAATTAGAGTGTTCAAAGCAGGCTGTCGCTTGAATACATTAGCATGGAATAATGGAATAGGACCTTGGTGCTATTTCGTTGGTTATGGGACTGGGGTAATGATTAATAGGGACAGTTGGGGCCGTTCATATTTCGTTGTCAGAGGTGAAATTCTTGGATTTACGAACGATGAACTTGTGCGAAAGCATTCGGCAAGGATGTTTTCA
>AM901344 Eukaryota|Diaphoretickes|Cryptista|Cryptophyceae|Cryptomonadales|lineage-D|g:Komma|strain=CCAP-978/3	AGCTCTAATAGCGTATATTAAAGTTGTTGCAGTTAAAAAGCTCGTAGTCGGATGTCGGGGCCGGGCAAGCTTTTGGCCTCTGGTTGATTTGTTTGCTCGGCTCTTTTTGCCTGGGGACCCCGTTGTGCTTAACTGCAGGGCGGGTGTACGCAGGCCGTTTACTTTGAAAAAATTAGAGTGTTCAAAGCAGGCCTACGCTTGAATACATTAGCATGGAATAATGGAATAGGACTTTGGTTCTATTTTGTTGGTTTATGGAGCCGAAGTAATGATTAATAGGGACAGTTGGGGCCGTTTATATTTCGTTGTCAGAGGTGAAATTCTTGGATTTACGAAAGATAAACTTCTGCGAAAGCATTCGGCAAGGATGTTTTCA
>AM901345 Eukaryota|Diaphoretickes|Cryptista|Cryptophyceae|Cryptomonadales|lineage-D|Cafricana-clade|Chroomonas+placoidea|strain=CCAP-978/8	AGCTCTAATAGCGTATATTAAAGTTGTTGCAGTTAAAAAGCTCGTAGTCGGATGTCGGGGTCGGGAGGACTGTTGGCCTCTGGTCGAACGGTAAGCTCGGCCCTTTTTGCCTGGGGACTCTGTCACACTTAACTGTGGGGCGGATGGACGCAGGCCGTTTACTTTGAAAAAATCAGATCGTTCAAAGAAGGCTTTTGCTCGAATATGTTAGCATGGAATAATGGAATAGGACTTTGGTGCTATTTTGTTGGTTTATGGGACCGAAGTAATGATTAATAGGGACAGTTGGGGCCGTTTATATTTCGTTGTCAGAGGTGAAATTCTTGGATTTACGAAAGATAAACTTCTGCGAAAGCATTCGGCAAGGATGTTTTCA
>AM901346 Eukaryota|Diaphoretickes|Cryptista|Cryptophyceae|Cryptomonadales|lineage-D|Cafricana-clade|strain=CCMP-268	AGCTCTAATAGCGTATATTAAAGTTGTTGCAGTTAAAAAGCTCGTAGTCGGATGTCGGGGTCGGGAGGACTGTTGGCCTCTGGTCGAACGGTAAGCTCGGCCCTTTTTGCCTGGGGACTCCGTCACACTTAACTGTGGGGCGGATGGACGCAGGCCGTTTACTTTGAAAAAATCAGATCGTTCAAAGAAGGCTTTTGCTCGAATATGTTAGCATGGAATAATGGAATAGGACTTTGGTGCTATTTTGTTGGTTTATGGGACCGAAGTAATGATTAATAGGGACAGTTGGGGCCGTTTATATTTCGTTGTCAGAGGTGAAATTCTTGGATTTACGAAAGATAAACTTCTGCGAAAGCATTCGGCAAGGATGTTTTCA
>AM901347 Eukaryota|Diaphoretickes|Cryptista|Cryptophyceae|Cryptomonadales|lineage-D|Cafricana-clade|strain=CCMP-269	AGCTCTAATAGCGTATATTAAAGTTGTTGCAGTTAAAAAGCTCGTAGTCGGATGTCGGGGTCGGGAGGACTGTTGGCCTCTGGTCGAACGGTAAGCTCGGCCCTTTTTGCCTGGGGACTCCGTCACACTTAACTGTGGGGCGGATGGACGCAGGCCGTTTACTTTGAAAAAATCAGATCGTTCAAAGAAGGCTTTTGCTCGAATATGTTAGCATGGAATAATGGAATAGGACTTTGGTGCTATTTTGTTGGTTTATGGGACCGAAGTAATGATTAATAGGGACAGTTGGGGCCGTTTATATTTCGTTGTCAGAGGTGAAATTCTTGGATTTACGAAAGATAAACTTCTGCGAAAGCATTCGGCAAGGATGTTTTCA
>AM901348 Eukaryota|Diaphoretickes|Cryptista|Cryptophyceae|Cryptomonadales|lineage-D|Cafricana-clade|strain=CCMP-270	AGCTCTAATAGCGTATATTAAAGTTGTTGCAGTTAAAAAGCTCGTAGTCGGATGTCGGGGTCGGGAGGACTGTTGGCCTCTGGTCGAACGGTAAGCTCGGCCCTTTTTGCCTGGGGACTCCGTCACACTTAACTGTGGGGCGGATGGACGCAGGCCGTTTACTTTGAAAAAATCAGATCGTTCAAAGAAGGCTTTTGCTCGAATATGTTAGCATGGAATAATGGAATAGGACTTTGGTGCTATTTTGTTGGTTTATGGGACCGAAGTAATGATTAATAGGGACAGTTGGGGCCGTTTATATTTCGTTGTCAGAGGTGAAATTCTTGGATTTACGAAAGATAAACTTCTGCGAAAGCATTCGGCAAGGATGTTTTCA
>AM901349 Eukaryota|Diaphoretickes|Cryptista|Cryptophyceae|Cryptomonadales|lineage-D|g:Hemiselmis|Hemiselmis+rufescens|strain=CCMP-440	AGCTCTAATAGCGTATATTAAAGTTGTTGCAGTTAAAAAGCTCGTAGTCGGATGTCGGGCTCGGGCAGGCTGTCGGCCTCTGGTCGGACGGCAGGCTCGGGTCTTTTTGCCTGGGGGCTCCGTCACACTTAACTGTGGGGCGGCAGGTCGCAGGCCGTTTACTTTGAAAAAATTAGAGTGTTCAAAGCAGGCCTACGCTTGAATACATTAGCATGGAATAATGGAATAGGACTTTGGTGCTATTTTGTTGGTTTATGGGACTGAAGTAATGATTAATAGGGACAGTTGGGGCCGTTTATATTTCGTTGTCAGAGGTGAAATTCTTGGATTTACGAAAGATAAACTTCTGCGAAAGCATTCGGCAAGGATGTTTTCA
>AM901350 Eukaryota|Diaphoretickes|Cryptista|Cryptophyceae|Cryptomonadales|lineage-D|g:Hemiselmis|Hemiselmis+andersenii|strain=CCMP-441	AGCTCTAATAGCGTATATTAAAGTTGTTGCAGTTAAAAAGCTCGTAGTCGGATGTCGGGCTCGGGCAGGCTGTCGGCCTCTGGTCGGACGGCAGGCTCGGGTCTTTTTGCCTGGGGGCTCCGTCACACTTAACTGTGGGGCGGTAGGTCGCAGGCCGTTTACTTTGAAAAAATTAGAGTGTTCAAAGCAGGCCTACGCTTGAATACATTAGCATGGAATAATGGAATAGGACTTTGGTGCTATTTTGTTGGTTTATGGGACTGAAGTAATGATTAATAGGGACAGTTGGGGCCGTTTATATTTCGTTGTCAGAGGTGAAATTCTTGGATTTACGAAAGATAAACTTCTGCGAAAGCATTCGGCAAGGATGTTTTCA
>AM901351 Eukaryota|Diaphoretickes|Cryptista|Cryptophyceae|Cryptomonadales|lineage-D|g:Hemiselmis|Hemiselmis+andersenii|strain=CCMP-644	AGCTCTAATAGCGTATATTAAAGTTGTTGCAGTTAAAAAGCTCGTAGTCGGATGTCGGGCTCGGGCAGGCTGTCGGCCTCTGGTCGGACGGCAGGCTCGGGTCTTTTTGCCTGGGGGCTCCGTCACACTTAACTGTGGGGCGGTAGGTCGCAGGCCGTTTACTTTGAAAAAATTAGAGTGTTCAAAGCAGGCCTACGCTTGAATACATTAGCATGGAATAATGGAATAGGACTTTGGTGCTATTTTGTTGGTTTATGGGACTGAAGTAATGATTAATAGGGACAGTTGGGGCCGTTTATATTTCGTTGTCAGAGGTGAAATTCTTGGATTTACGAAAGATAAACTTCTGCGAAAGCATTCGGCAAGGATGTTTTCA
>AM901352 Eukaryota|Diaphoretickes|Cryptista|Cryptophyceae|Cryptomonadales|lineage-D|g:Hemiselmis|Hemiselmis+pacifica|strain=CCMP-706	AGCTCTAATAGCGTATATTAAAGTTGTTGCAGTTAAAAAGCTCGTAGTCGGATGTCGGGCTCGGGCAAGCTGTCGGCCTCTGGTCGGACGGCGGGCTCGGGTCTTTTTGCCTGGGGGCTCCGTTGCACTTAACTGTGTGGCGGTAGGTCGCAGGCCGTTTACTTTGAAAAAATTAGAGTGTTCAAAGCAGGCCTACGCTTGAATACATTAGCATGGAATAATGGAATAGGACTTTGGTGCTATTTTGTTGGTTTATGGGACTGAAGTAATGATTAATAGGGACAGTTGGGGCCGTTTATATTTCGTTGTCAGAGGTGAAATTCTTGGATTTACGAAAGATAAACTTCTGCGAAAGCATTCGGCAAGGATGTTTTCA
>AM901353 Eukaryota|Diaphoretickes|Cryptista|Cryptophyceae|Cryptomonadales|lineage-D|g:Hemiselmis|Hemiselmis+andersenii|strain=CCMP-1180	AGCTCTAATAGCGTATATTAAAGTTGTTGCAGTTAAAAAGCTCGTAGTCGGATGTCGGGCTCGGGCAGGCTGTCGGCCTCTGGTCGGACGGCAGGCTCGGGTCTTTTTGCCTGGGGGCTCCGTCACACTTAACTGTGGGGCGGTAGGTCGCAGGCCGTTTACTTTGAAAAAATTAGAGTGTTCAAAGCAGGCCTACGCTTGAATACATTAGCATGGAATAATGGAATAGGACTTTGGTGCTATTTTGTTGGTTTATGGGACTGAAGTAATGATTAATAGGGACAGTTGGGGCCGTTTATATTTCGTTGTCAGAGGTGAAATTCTTGGATTTACGAAAGATAAACTTCTGCGAAAGCATTCGGCAAGGATGTTTTCA
>AM901354 Eukaryota|Diaphoretickes|Cryptista|Cryptophyceae|Cryptomonadales|lineage-D|g:Hemiselmis|Hemiselmis+cryptochromatica|strain=CCMP-1181	AGCTCTAATAGCGTATATTAAAGTTGTTGCAGTTAAAAAGCTCGTAGTCGGATGTCGGGCTCGGGCAGGCTGTCGGCCTCTGGTCGGATGGCAGGCTCGGGTCTTCTTGCCTGGGGGCACCGTCACACTTAACTGTGGGGCGGCTGGTCGCAGGCCGTTTACTTTGAAAAAATTAGAGTGTTCAAAGCAGGCCTACGCTTGAATACATTAGCATGGAATAATGGAATAGGACTTTGGTGCTATTTTGTTGGTTTATGGTACCGAAGTAATGATTAATAGGGACAGTTGGGGCCGTTTATATTTCGTTGTCAGAGGTGAAATTCTTGGATTTACGAAAGATAAACTTCTGCGAAAGCATTCGGCAAGGATGTTTTCA
>AM901355 Eukaryota|Diaphoretickes|Cryptista|Cryptophyceae|Cryptomonadales|lineage-D|Cafricana-clade|strain=CCMP-1221	AGCTCTAATAGCGTATATTAAAGTTGTTGCAGTTAAAAAGCTCGTAGTCGGATGTCGGGGTCGGGAGGACTGTTGGCCTCTGGTCGAACGGTAAGCTCGGCCCTTTTTGCCTGGGGACTCYGTCACACTTAACTGTGGGGCGGATGGACGCAGGCCGTTTACTTTGAAAAAATCAGATCGTTCAAAGAAGGCTTTTGCTCGAATATGTTAGCATGGAATAATGGAATAGGACTTTGGTGCTATTTTGTTGGTTTATGGGACCGAAGTAATGATTAATAGGGACAGTTGGGGCCGTTTATATTTCGTTGTCAGAGGTGAAATTCTTGGATTTACGAAAGATAAACTTCTGCGAAAGCATTCGGCAAGGATGTTTTCA
>AM901356 Eukaryota|Diaphoretickes|Cryptista|Cryptophyceae|Cryptomonadales|lineage-D|g:Komma|strain=M0851	AGCTCTAATAGCGTATATTAAAGTTGTTGCAGTTAAAAAGCTCGTAGTCGGATGTCGGGGTCGGGCGGGCTTTCGGCCTAGTGTCGGAGAGTTTGCTCGTCTCTTTTTGCCTGGGGAACCCGTGCGCTTAACTGTGTTGCGGGTGTACGCAGGTCGTTTACTTTGAAAAAATTAGAGTGTTCAAAGCAGGCCTACGCTTGAATACATTAGCATGGAATAATGGAATAGGACTTTGGTTCTATTTTGTTGGTTTATGGAACCGAAGTAATGATTAATAGGGACAGTTGGGGCCGTTTATATTTCGTTGTCAGAGGTGAAATTCTTGGATTTACGAAAGATAAACTTCTGCGAAAGCATTCGGCAAGGATGTTTTCA
>AM901357 Eukaryota|Diaphoretickes|Cryptista|Cryptophyceae|Cryptomonadales|lineage-D|Cafricana-clade|strain=M0874	AGCTCTAATAGCGTATATTAAAGTTGTTGCAGTTAAAAAGCTCGTAGTCGGATGTCGGGGTCGGGAGGACTGTTGGCCTCTGGTCGAACGGTAAGCTCGGCCCTTTTTGCCTGGGGACTCCGTCACACTTAACTGTGGGGCGGATGGACGCAGGCCGTTTACTTTGAAAAAATCAGATCGTTCAAAGAAGGCTTTTGCTCGAATATGTTAGCATGGAATAATGGAATAGGACTTTGGTGCTATTTTGTTGGTTTATGGGACCGAAGTAATGATTAATAGGGACAGTTGGGGCCGTTTATATTTCGTTGTCAGAGGTGAAATTCTTGGATTTACGAAAGATAAACTTCTGCGAAAGCATTCGGCAAGGATGTTTTCA
>AM901358 Eukaryota|Diaphoretickes|Cryptista|Cryptophyceae|Cryptomonadales|lineage-D|g:Komma|Komma+caudata|strain=M1074	AGCTCTAATAGCGTATATTAAAGTTGTTGCAGTTAAAAAGCTCGTAGTCGGATGTCGGGGTCGGGCAGGCTGTTGGCCTCTGGTCGAATGGCAGGCTCGGCTCTTTTTGCCTGGGGACCCCGTCACACTTAACTGTGGGGCGGGTGTACGCAGGCCGTTTACTTTGAAAAAATTAGAGTGTTCAAAGCAGGCCTACGCTTGAATACATTAGCATGGAATAATGGAATAGGACTTTGGTGCTATTTTGTTGGTTTATGGGACCGAAGTAATGATTAATAGGGACAGTTGGGGCCGTTTATATTTCGTTGTCAGAGGTGAAATTCTTGGATTTACGAAAGATAAACTTGTGCGAAAGCATTCGGCAAGGATGTTTTCA
>AM901359 Eukaryota|Diaphoretickes|Cryptista|Cryptophyceae|Cryptomonadales|lineage-D|Cafricana-clade|strain=M1624	AGCTCTAATAGCGTATATTAAAGTTGTTGCAGTTAAAAAGCTCGTAGTCGGATGTCGGGGTCGGGAGGACTGTTGGCCTCTGGTCGAACGGTAAGCTCGGCCCTTTTTGCCTGGGGACTCCGTCACACTTAACTGTGGGGCGGATGGACGCAGGCCGTTTACTTTGAAAAAATCAGATCGTTCAAAGAAGGCTTTTGCTCGAATATGTTAGCATGGAATAATGGAATAGGACTTTGGTGCTATTTTGTTGGTTTATGGGACCGAAGTAATGATTAATAGGGACAGTTGGGGCCGTTTATATTTCGTTGTCAGAGGTGAAATTCTTGGATTTACGAAAGATAAACTTCTGCGAAAGCATTCGGCAAGGATGTTTTCA
>AM901360 Eukaryota|Diaphoretickes|Cryptista|Cryptophyceae|Cryptomonadales|lineage-D|g:Chroomonas|Chroomonas+gentoftensis|strain=M1627	AGCTCTAATAGCGTATATTAAAGTTGTTGCAGTTAAAAAGCTCGTAGTCGGACTTCGGGCTCGGGCAAGCTGTCGGCCTAGTGTCGGACGGCGGGCTCGGGCCTTTTTGCCTGGGGACTCCGTCACACTTAATTGTGGGGCGGCTGTACGCAGGCCGTTTACTTTGAAAAAATTAGAGTGTTCAAAGCAGGCCTACGCTTGAATACATTAGCATGGAATAATGGAATAGGACTTTGGTGCTATTTTGTTGGTTTATGGGACCGAAGTAATGATTAATAGGGACAGTTGGGGCCGTTTATATTTCGTTGTCAGAGGTGAAATTCTTGGATTTACGAAAGATAAACTTCTGCGAAAGCATTCGGCAAGGATGTTTTCA
>AM901362 Eukaryota|Diaphoretickes|Cryptista|Cryptophyceae|Cryptomonadales|lineage-D|g:Hemiselmis|Hemiselmis+virescens|strain=M1635	AGCTCTAATAGCGTATATTAAAGTTGTTGCAGTTAAAAAGCTCGTAGTCGGATGTCGGGCTCGGGCAAGCTGTCGGCCTCTGGTCGGACGGCGGGCTCGGGTCTTTTTGCCTGGGGGCTCCGTCACTCTTAACTGAGGGGCGGTAGGTCGCAGGCCGTTTACTTTGAAAAAATTAGAGTGTTCAAAGCAGGCCTACGCTTGAATACATTAGCATGGAATAATGGAATAGGACTTTGGTGCTATTTTGTTGGTTTATGGGACTGAAGTAATGATTAATAGGGACAGTTGGGGCCGTTTATATTTCGTTGTCAGAGGTGAAATTCTTGGATTTACGAAAGATAAACTTCTGCGAAAGCATTCGGCAAGGATGTTTTCA
>AM901363 Eukaryota|Diaphoretickes|Cryptista|Cryptophyceae|Cryptomonadales|lineage-D|Cafricana-clade|strain=M1953	AGCTCTAATAGCGTATATTAAAGTTGTTGCAGTTAAAAAGCTCGTAGTCGGATGTCGGGGTCGGGAGGACTGTTGGCCTCTGGTCGAACGGTAAGCTCGGCCCTTTTTGCCTGGGGACTCCGTCACACTTAACTGTGGGGCGGATGGACGCAGGCCGTTTACTTTGAAAAAATCAGATCGTTCAAAGAAGGCTTTTGCTCGAATATGTTAGCATGGAATAATGGAATAGGACTTTGGTGCTATTTTGTTGGTTTATGGGACCGAAGTAATGATTAATAGGGACAGTTGGGGCCGTTTATATTTCGTTGTCAGAGGTGAAATTCTTGGATTTACGAAAGATAAACTTCTGCGAAAGCATTCGGCAAGGATGTTTTCA
>AM901364 Eukaryota|Diaphoretickes|Cryptista|Cryptophyceae|Cryptomonadales|g:Cryptomonas|Cryptomonas+commutata|strain=M1975	AGCTCTAATAGCATATATTAAAGTTGTTGCAGTTAAAAAGCTCGTAGTCGGATTTTGGGTGCATGAGGGCTGTTGGCCTCTGGTCGAACGGCATTCGTGTGCCTTTCTGCTTGGGAGCCCCAGGATGTTTCACGACTTTCTGGTGGGTCACAGGCCGTTTACTTTGAAAAAATTAGAGTGTTCAAAGCAGGCTAACGCTTGAATACATTAGCATGGAATAATGGAATAGGACCTTGGTGCTATTTCGTTGGTTATGGGACTGGGGTAATGATTAATAGGGACAGTTGGGGCCGTTCATATTTCGTTGTCAGAGGTGAAATTCTTGGATTTACGAACGATGAACTTGTGCGAAAGCATTCGGCAAGGATGTTTTCA
>AM901365 Eukaryota|Diaphoretickes|Cryptista|Cryptophyceae|Cryptomonadales|lineage-D|Cafricana-clade|strain=M2067	AGCTCTAATAGCGTATATTAAAGTTGTTGCAGTTAAAAAGCTCGTAGTCGGATGTCGGGGTCGGGAGGACTGTTGGCCTCTGGTCGAACGGTAAGCTCGGCCCTTTTTGCCTGGGGACTCTGTCACACTTAACTGTGGGGCGGATGGTCGCAGGCCGTTTACTTTGAAAAAATCAGATCGTTCAAAGAAGGCTTTTGCTCGAATATGTTAGCATGGAATAATGGAATAGGACTTTGGTGCTATTTTGTTGGTTTATGGGACCGAAGTAATGATTAATAGGGACAGTTGGGGCCGTTTATATTTCGTTGTCAGAGGTGAAATTCTTGGATTTACGAAAGATAAACTTCTGCGAAAGCATTCGGCAAGGATGTTTTCA
>AM901366 Eukaryota|Diaphoretickes|Cryptista|Cryptophyceae|Cryptomonadales|lineage-D|g:Komma|strain=M2291	AGCTCTAATAGCGTATATTAAAGTTGTTGCAGTTAAAAAGCTCGTAGTCGGATGTCGGGGTCGGGCGGGCTTTCGGCCTAGTGTCGGAGAGTTTGCTCGTCTCTTTTTGCCTGGGGAACCCGTGCGCTTAACTGTGTTGCGGGTGTACGCAGGTCGTTTACTTTGAAAAAATTAGAGTGTTCAAAGCAGGCCTACGCTTGAATACATTAGCATGGAATAATGGAATAGGACTTTGGTTCTATTTTGTTGGTTTATGGAACCGAAGTAATGATTAATAGGGACAGTTGGGGCCGTTTATATTTCGTTGTCAGAGGTGAAATTCTTGGATTTACGAAAGATAAACTTCTGCGAAAGCATTCGGCAAGGATGTTTTCA
>AM901367 Eukaryota|Diaphoretickes|Cryptista|Cryptophyceae|Cryptomonadales|lineage-D|g:Hemiselmis|strain=UTEX-2000	AGCTCTAATAGCGTATATTAAAGTTGTTGCAGTTAAAAAGCTCGTAGTCGGATGTCGGGCTCGGGCAGGCTGTCGGCCTCTGGTCGGACGGCAGGCTCGGGTCTTTTTGCCTGGGGGCTCCGTCACACTTAACTGTGGGGCGGTAGGTCGCAGGCCGTTTACTTTGAAAAAATTAGAGTGTTCAAAGCAGGCCTACGCTTGAATACATTAGCATGGAATAATGGAATAGGACTTTGGTGCTATTTTGTTGGTTTATGGGACTGAAGTAATGATTAATAGGGACAGTTGGGGCCGTTTATATTTCGTTGTCAGAGGTGAAATTCTTGGATTTACGAAAGATAAACTTCTGCGAAAGCATTCGGCAAGGATGTTTTCA
>AM901368 Eukaryota|Diaphoretickes|Cryptista|Cryptophyceae|Cryptomonadales|lineage-D|g:Hemiselmis|Hemiselmis+virescens|strain=UTEX-2002	AGCTCTAATAGCGTATATTAAAGTTGTTGCAGTTAAAAAGCTCGTAGTCGGATGTCGGGCTCGGGCAAGCTGTCGGCCTCTGGTCGGACGGCGGGCTCGGGTCTTTTTGCCTGGGGGCTCCGTCACTCTTAACTGAGGGGCGGTAGGTCGCAGGCCGTTTACTTTGAAAAAATTAGAGTGTTCAAAGCAGGCCTACGCTTGAATACATTAGCATGGAATAATGGAATAGGACTTTGGTGCTATTTTGTTGGTTTATGGGACTGAAGTAATGATTAATAGGGACAGTTGGGGCCGTTTATATTTCGTTGTCAGAGGTGAAATTCTTGGATTTACGAAAGATAAACTTCTGCGAAAGCATTCGGCAAGGATGTTTTCA
>AM901369 Eukaryota|Diaphoretickes|Cryptista|Cryptophyceae|Cryptomonadales|lineage-D|g:Chroomonas|Chroomonas+nordstedtii|strain=UTEX-2779	AGCTCTAATAGCGTATATTAAAGTTGTTGCAGTTAAAAAGCTCGTAGTCGGACTTCGGGCTCGGGCAGGCTGTCGGCCTCTGGTCGGACGGCAGGCTCGGGTCTTTTTGCCTGGGGACTCTGTCACACTTAACTGTGGGGCGGATGGACGCAGGCCGTTTACTTTGAAAAAATTAGAGTGTTCAAAGCAGGCCTACGCTTGAATACATTAGCATGGAATAATGGAATAGGACTTTGGTGCTATTTTGTTGGTTTATGGGACCGAAGTAATGATTAATAGGGACAGTTGGGGCCGTTTATATTTCGTTGTCAGAGGTGAAATTCTTGGATTTACGAAAGATAAACTTCTGCGAAAGCATTCGGCAAGGATGTTTTCA
>AM901370 Eukaryota|Diaphoretickes|Cryptista|Cryptophyceae|Cryptomonadales|lineage-D|Cafricana-clade|strain=UTEX-2780	AGCTCTAATAGCGTATATTAAAGTTGTTGCAGTTAAAAAGCTCGTAGTCGGATGTCGGGGTCGGGAGGACTGTTGGCCTCTGGTCGAACGGTAAGCTCGGCCCTTTTTGCCTGGGGACTCCGTCACACTTAACTGTGGGGCGGATGGTCGCAGGCCGTTTACTTTGAAAAAATCAGATCGTTCAAAGAAGGCTTTTGCTCGAATATGTTAGCATGGAATAATGGAATAGGACTTTGGTGCTATTTTGTTGGTTTATGGGACCGAAGTAATGATTAATAGGGACAGTTGGGGCCGTTTATATTTCGTTGTCAGAGGTGAAATTCTTGGATTTACGAAAGATAAACTTCTGCGAAAGCATTCGGCAAGGATGTTTTCA
>AY360454 Eukaryota|Diaphoretickes|Cryptista|Cryptophyceae|g:Goniomonas|ma-G-clade|strain=ATCC-50108	AGCTCTAATAGCGTATATTAAAGTTGTTGCAGTTAAAAAGCTCGTAGTCGAATCTTGGGGTCGGGCAGGCTGTCGGCCTAGTGTCGGATGGTCAACTCGGCTCTTTCTTTCTGGGGACTGCGTCACCTTTAACTAGGGGGCGTATGGACGCAGATCGTTTACTTTGAAAAAATTAGAGTGTTCAAAGCAAGCCATCGCTTGAATACATTAGCATGGAATAATGGAATAGGACTGCGGTTCTATTTTGTTGGTTTCTAGGACCGAAGTAATGATTAATAGGGACAGTTGGGGCCGTTTATATTCCGTTGTCAGAGGTGAAATTCTTGGATTTACGGAAGATAAACTTCTGCGAAAGCATTCGGCAAGGATGTTTTCA
>AY360455 Eukaryota|Diaphoretickes|Cryptista|Cryptophyceae|g:Goniomonas|ma-G-clade|strain=SH-1	AGCTCTAATAGCGTATATTAAAGTTGTTGCAGTTAAAAAGCTCGTAGTCGAATCTTGGGGTCGGGCAGGCTATCGGCCTAGTGTCGGATGGTCAACTCGGCTCTTTCTTTCTGGGGACTGCGTCCCTTTAATTAGGGGCGTATGGACGCAGATCGTTTACTTTGAAAAAATTAGAGTGTTCAAAGCAAGCCATCGCTTGAATACATTAGCATGGAATAATGGAATAGGACTGCGGTTCTATTTTGTTGGTTTCTAGGACCGAAGTAATGATTAATAGGGACAGTTGGGGCCGTTTATATTCCGTTGTCAGAGGTGAAATTCTTGGATTTACGGAAGATAAACTTCTGCGAAAGCATTCGGCAAGGATGTTTTCA
>AY360456 Eukaryota|Diaphoretickes|Cryptista|Cryptophyceae|g:Goniomonas|ma-G-clade|strain=SH-2	AGCTTTAATAGCGTATATTAAAGTTGTTGCAGTTAAAAAGCTCGTAGTTGGATCTCGGGGTCGGAACCGGCTGTCGGGCGAATGCTCGGACGGCCGGCTTGGCTCCTTTCTTCCGAAGGCTGCGTCGTCTTTCACTAGAGGGCGTTGGGGCTCGGATCGTTTACTTTGAAAAAATTAGAGTGTTCAAAGCAGGCCTTCCTTGAATACATTAGCATGGAATAATGGAATAGGACTGCGGTTCTATTTTGTTGGTTTCTAGGACCGAAGTAATGATTAATAGGGATAGTTGGGGCCGTTTGTATTCCGTTGTCAGAGGTGAAATTCTTGGATTTACGGAAGACAAACTTCTGCGAAAGCATTCGGCAAGGATGTTTTCA
>AY360457 Eukaryota|Diaphoretickes|Cryptista|Cryptophyceae|g:Goniomonas|fw-G-clade|strain=SH-3	AGCTCTAATAGCGTATGCTAAAGTTGTTGCAGTTAAAAAGCTCGTAGTTGGACTTTGTGGGTTAAGGAGTAAAAAAGAAAGGAGGAGGTAATACTCGCCTTTTGGTCGGTGGAGCCTTTCCAGGTTTTCACTTAGGCAGCTCCTTCCCATTTTTATTTATTAAAAATTCGTGCGAGAGGGTCGAGGCGGGTTCTTTTAATTAAGGGCCTCTCGGCTATAAAACTCTCGTACCTTTTACCTTGAGCAAATTAGAGTGTTCAAAGCAAGCAAATTTATTGTGCTTGAATAGTCTAGCATGGAATGATGGAATAGGACTCTGGGGTCCTGTTTTGTTGGTTTTTCAAGTCTAGGGCAACCTAGGCGTGGGACCTGAGTAATGATTAATAGGGATTGTTGGGGCCGTTTGTATTCCGTTGTCAGAGGTGAAATTCTTGGATTTACGGAAGACAAACTTCTGCGAAAGCATTCGGCAAGGATGTCTTCA
>AY360459 Eukaryota|Diaphoretickes|Cryptista|Cryptophyceae|g:Goniomonas|fw-G-clade|strain=SH-5	AGCTCTAATAGCGTATATTAAAGTTGTTGCAGTTACCAAGCTCGTAGTTGGACTTTGTGGGTTAAGGGGTAAAAAAGGAGGATGGGGCTTACGCACACGTAAGATTCCTGTCCTTTGGCCGCCGGCGCCGTAAAAAAGTGTCGGTACAAAAAAAGGCAGCCTCTTCCCATTTTATTGAAAAATAAAATTATGTGCGGGAGGATCGCGGCGGGCTCTTTTAAGTAAGGGTTCTCGTGGTTACAAAACTCTCGTACCTTTTACCTTGAGCAAATTAGAGTGTTCAAAGCAAGCAAAAAATGTGCTTGAATAGTCTAGCATGGAATGATGGAATAGGACTCTGGGGTCCTGTTTCGTTGGTTTTCAAGGGGGGGGCAACTCTCCCGTGGGACCTGAGTAATGATTAATAGGGATTGTTGGGGCCGTTTGTATTCCGTTGTCAGAGGTGAAATTCTTGGATTTACGGAAGACAAACTTCTGCGAAAGCATTCGGCAAGGATGTCTTCA
>AY360460 Eukaryota|Diaphoretickes|Cryptista|Cryptophyceae|g:Goniomonas|fw-G-clade|strain=SH-6	AGCTCTAATAGCGTATATTAAAGTTGTTGCAGTTAAAAAGCTCGTAGATGGACTTTGTGGGTCAAGGGGTAAAAAAGGAGGATGGGGCTTACGCACCTAAGATTCCTGTCCTTTGGCCGCCGGCGCCGTAAAAAAGTGTCGGTACAAAAAAAGGCAGCCTCTTCCCATTTTATTGAAAAATAAAATTATGTGCGGGAGGATCGCGGCGGGCTCTTTTAAGTAAGGGTTCTCGTGGTTACAAAACTCTCGTACCTTTTACCTTGAGCAAATTAGAGTGTTCAAAGCAAGCAAAAAATGTGCTTGAATAGTCTAGCATGGAATGATGGAATAGGACTCTGGGGTCCTGTTTCGTTGGTTTTCAAGGGGGGGGCAACTCTCCCGTGGGACCTGAGTAATGATTAATAGGGATTGTTGGGGCCGTTTGTATTCCGTTGTCAGAGGTGAAATTCTTGGATTTACGGAAGACAAACTTCTGCGAAAGCATTCGGCAAGGGATGTCTTCA
>AY642699 Eukaryota|Diaphoretickes|Cryptista|Cryptophyceae|CRY1-lineage|fw-CRY1-clade|clone=P1.25	AGCTCTAATAGCGTATATTAAAGTTGTTGCAGTTAAAAAGCTCGTAGTTGGATTTTGGGGGCGATCGTGCGGGCAGCTTTTGTTGTACTGTTTGGTCGCCCTCTTTCTTCCGTGTGACCATGGGCATTCACTTGTCTGTGTAATTGCGCGGATCGTTTACTGTGAAAAAATTAGAGTGTTCAAGGCAGGCGTTTGCTTGAATACATTAGCATGGAATAATGGAATAGGACTTCGGACCTATTTTGTTGGTTTCTAGGACCGTCGTAATGATTAATAGGGACAGTTGGGGCCGTTCATATTCCGTAGTCAGAGGTGAAATTCTTGGATTTACGGAAGATGAACTACTGCGAAAGCATTCGGCAAGGATGTTTTCG
>AY705738 Eukaryota|Diaphoretickes|Cryptista|Cryptophyceae|g:Goniomonas|ma-G-clade|Goniomonas+amphinema|strain=SvdH-2004	AGCTCTAATAGCGTATATTAAAGTTGTTGCAGTTAAAAGCTCGTAGTCGAATCTTGGGGTCGGGCAGGCTATCGGCCTAGTGTCGGATGGTCAACTCGGCTCTTTCTTTCTGGGGACTGCGTCCCTTTAATTAGGGGCGTATGGACGCAGATCGTTTACTTTGAAAAAATTAGAGTGTTCAAAGCAAGCCATCGCTTGAATACATTAGCATGGAATAATGGAATAGGACTGCGGTTCTATTTTGTTGGTTTCTAGGACCGAAGTAATGATTAATAGGGACAGTTGGGGCCGTTTATATTCCGTTGTCAGAGGTGAAATTCTTGGATTTACGGAAGATAAACTTCTGCGAAAGCATTCGGCAAGGATGTTTTCA
>AY705739 Eukaryota|Diaphoretickes|Cryptista|Cryptophyceae|g:Goniomonas|fw-G-clade|strain=SH-8	AGCTCTAATAGCGTATATTAAAGTTGTTGCAGTTAAAAAGCTCGTAGTTGGACTTTGTGGGTTGGAGGTAACAAAGGAGGGAGGAGTTTATGCAAATAAGCTCGCCCTCTGGCCGCCGGCGCCGTAAAAACGTGTCGGTATTCAAAAGGCAGCCTCTTCCCATTTTATATCTTATAAAATATCGTGCGGGAGGATCATGGCGGGCTCTTTTAACTAAGGGTTCCCATGGTTACAAAACTCTCGTACCTTTTACCTTGAGCAAATTAGAGTGTTCAAAGCAGGCTACAAATGTGCTTGAATAGTCTAGCATGGAATGATGGAATAGGACTCTGGGGTCCTGTTTCGTTGGTTTTTTAAGGAGGGGGTAACCTCTCTGTGGGACCTGAGTAATGATTAATAGGGATTGTTGGGGCCGTTTGTATTCCGTTGTCAGAGGTGAAATTCTTGGATTTACGGAAGACAAACTTCTGCGAAAGCATTCGGCAAGGATGTCTTCA
>AY705740 Eukaryota|Diaphoretickes|Cryptista|Cryptophyceae|g:Goniomonas|fw-G-clade|strain=SH-9	AGCTCTAATAGCGTATATTAAAGTTGTTGCAGTTAAAAAGCTCGTAGTTGGACTTTGTGGGTTAAGGGGTAAAAAAGGAGGGTGGGGCTTACGCAAGTAAGATTTCCTGTCCTTTGGCCGCCGGCGCCGTAAAAAAGTGTCGGTACAAAAAAAGGCAGCCTCTTCCCATTTTATTGAAAAATAAAATTATGTGCGGGAGGATCGCGGCGGGCTCTTTTAAGTAAGGGTTCTCGTGGTTACAAAACTCTCGTACCTTTTACCTTGAGCAAATTAGAGTGTTCAAAGCAAGCAAAAAATGTGCTTGAATAGTCTAGCATGGAATGATGGAATAGGACTCTGGGGTCCTGTTTCGTTGGTTTTCAAGGGGGGGGCAACTCTCCCGTGGGACCTGAGTAATGATTAATAGGGATTGTTGGGGCCGTTTGTATTCCGTTGTCAGAGGTGAAATTCTTGGATTTACGGAAGACAAACTTCTGCGAAAGCATTCGGCAAGGATGTCTTCA
>AY919746 Eukaryota|Diaphoretickes|Cryptista|Cryptophyceae|CRY1-lineage|fw-CRY1-clade|clone=LG19-05	AGCTCCAATAGCGTATATTAAAGTTGTTGCAGTTAAAAAGCTCGTAGTTGGATTTTGGGGGCGATCGTGCGGGCAGCTTTTGTTGTACTGTTTGGTCGCCCTCTTTCTTCCGTGTGACCATGGGCATTCACTTGTCTGTGTAATTGCGCGGATCGTTTACTGTGAAAAAATTAGAGTGTTCAAGGCAGGCGTTTGCTTGAATACATTAGCATGGAATAATGGAATAGGACTTCGGACCTATTTGTGGTTCTAGGACCGTCGTAATGATTAATAGGGACAGTTGGGGCCGTTCATATTCCGTAGTCAGAGGTGAAATTCTTGGATTTACGGAAGATGAACTACTGCGAAAGCATTCGGCAAGGATGTTTTCG
>DQ244012 Eukaryota|Diaphoretickes|Cryptista|Cryptophyceae|CRY1-lineage|fw-CRY1-clade|clone=PFF1AU2004	AGCTCTAATAGCGTATATTAAAGTTGTTGCAGTTAAAAAGCTCGTAGTTGGATTTTGAGGTCGATCGGGCGGGCGGCGCAAGTTGCACTGCTTGGTCGGCTTCTTTCTTCCGTGTGACCAGCGGCATTCACTTGTCGTTGTAATTGCGCGGATCGTTTACTGTGAAAAAATTAGAGTGTTCAAGGCAGGCGTTTGCTTGAATACATTAGCATGGAATAATGGAATAGGACTTCGGACCTATTTTGTTGGTTTCTAGGACCGTCGTAATGATTAATAGGGACAGTTGGGGCCGTTCATATTCCGTAGTCAGAGGTGAAATTCTTGGATTTACGGAAGATGAACTACTGCGAAAGCATTCGGCAAGGATGTTTTCG
>DQ452091 Eukaryota|Diaphoretickes|Cryptista|Cryptophyceae|Cryptomonadales|lineage-B|g:Geminigera|Geminigera+cryophila|strain=CCMP-2564	AGCTCTAATAGCGTATATTAAAGTTGTTGCAGTTAAAAAGCTCGTAGTCGGATGTCGGGCTCGGGCAGGCTGTCGGCTTCGGTCGGACGGCAGGCTCGGGTCTTTCTGCCTGAGGATCCTGTTGCACTTTATTGTGGGGCTGGGGACGCAGGCCGTTTACTTTGAAAAAATTAGAGTGTTCAAAGCAGGCCTACGCTTGAATACATTAGCATGGAATAATGGAATAGGACTTTGGTGCTATTTTGTTGGTTTATGGGACCGAAGTAATGATTAACAGGGACAGTTGGGGCCGTTTATATTTCGTTGTCAGAGGTGAAATTCTTGGATTTACGAAAGATAAACTTCTGCGAAAGCATTCGGCAAGGATGTTTTCA
>DQ980479 Eukaryota|Diaphoretickes|Cryptista|Cryptophyceae|g:Goniomonas|fw-G-clade|Goniomonas+truncata|strain=TMG005	AGCTCTAATAGCGTATATTAAAGTTGTTGCAGTTAAAAAGCTCGTAGTTGGACTTTTGGGAAAATTAAAAGGATGGTGAAATAAAGTTGTTGGGCGTTTAAACGCGTCCGATGACCGCTATCCCCCAATCATTTATGTGGGAGGGGGTCATTCGTTGGGTCTGGAGGTTGTCTGGCTTTGTCGCAAGGCAGGGTCGGGTGGCAATACCGTCATGGGTGGCCATTCCAAACTCTCTCACTTTTTACCTTGAGCAAATTAGAGTGTTCAAAGCGGGCTTGTTACGCTTGAATAGTCTAGCATGGAATAATGGAATAGGACTCGAGTCCTGTTCGTTGGTTTTTGGGATTTGAGTAATGATTAATAGGGATGGTTGGGGCCGTTTGTATTCCGTTGTCAGAGGTGAAATTCTTGGATTTACGGAAGACAAACATCTGCGAAAGCATTCGGCAAGCACATGCTCA
>EF172963 Eukaryota|Diaphoretickes|Cryptista|Cryptophyceae|CRY3-lineage|clone=SSRPD79	AGCTCCAATAGCGTATATTAACGTTGTTGCAGTTAAAAAACTCGTAGTTGGATTTCGAGGCCTGGGTGGCTGTCACCCTATGGGTAGGCGGGCCGCCTGGGTCTCTTATTTCCGGGGACGGCGTCACTTTTAATTAAGGGGCGTTCGGACGCGGATCGTTTACTTTGAAAAAATTAGAGTGTTCAAAGCAGGCCTTCGCTTGAATACATTAGCATGGAATAATGGAATAGGACTCTGGGCCTATTTTGTTGGTTTCTGGGACTAGAGTAACGATTAATAGGGACAGTTGGGGGCGTTCATATTCCGATGTCAGAGGTGAAATTCTTGGATTTTCGGAAGATGAACTTCTGCGAAAGCATTCGCCAAGGATGTTTTCA
>EF195733 Eukaryota|Diaphoretickes|Cryptista|Cryptophyceae|Cryptomonadales|lineage-E|Rpauca-clade|strain=CR-MAL06	AGCTCTAATAGCGTATATTAAAGTTGTTGCAGTTAAAAAGCTCGTAGTCGGATGTCGGGCTCGGGGAGGCTGTCGGCCTTTGGTCGGACGGCATGTCCGGGCCTTTCTGCCTGGGGATCCTATTCTACTTAACTGTAGGGTAGTGGGACGCAGGCCGTTTACTTTGAAAAAATTAGAGTGTTCAAAGCAGGCCTACGCTTGAATACATTAGCATGGAATAATGGAATAGGACTTTGGTCTTATTTGTTGGTTTATGGGACCGAAGTAATGATTAACAGGGACAGTTGGGGCCGTTTATATTTCGTTGTCAGAGGTGAAATTCTTGGATTTACGAAAGATAAACTTCTGCGAAAGCATTCGGCAAGGATGTTTTCA
>EF195735 Eukaryota|Diaphoretickes|Cryptista|Cryptophyceae|Cryptomonadales|lineage-B|strain=CR-MAL01	AGCTCTAATAGCGTATATTAAAGTTGTTGCAGTTAAAAAGCTCGTAGTCGGATGTCGGGCTCGGGCAAGCTGTCGGCCTTTGGTCGGACGGCAGGCTCGGGTCTTTCTGCCTGAGGAACCCGGTTGCTTTAACGAGCTGCCGGTGGACGCAGGTCGTTTACTTTGAAAAAATTAGAGTGTTCAAAGCAGGCTAGCGCTTGAATACATTAGCATGGAATAATGGAATAGGACTTTGGTGCTATTTTGTTGGTTTATGGGACCGAAGTAATGATTAACAGGGACAGTTGGGGCCGTTTATATTTCGTTGTCAGAGGTGAAATTCTTGGATTTACGAAAGATAAACTTCTGCGAAAGCATTCGGCAAGGATGTTTTCA
>EF195736 Eukaryota|Diaphoretickes|Cryptista|Cryptophyceae|Cryptomonadales|lineage-B|strain=CR-MAL02	AGCTCTAATAGCGTATATTAAAGTTGTTGCAGTTAAAAAGCTCGTAGTCGGATGTCGGGCTCGGGCAAGCTGTCGGCCTTTGGTCGGACGGCAGGCTCGGGTCTTTCTGCCTGAGGAACCCGGTTGCTTTAACGAGCTGCCGGTGGACGCAGGTCGTTTACTTTGAAAAAATTAGAGTGTTCAAAGCAGGCTAGCGCTTGAATACATTAGCATGGAATAATGGAATAGGACTTTGGTGCTATTTTGTTGGTTTATGGGACCGAAGTAATGATTAACAGGGACAGTTGGGGCCGTTTATATTTCGTTGTCAGAGGTGAAATTCTTGGATTTACGAAAGATAAACTTCTGCGAAAGCATTCGGCAAGGATGTTTTCA
>EF195737 Eukaryota|Diaphoretickes|Cryptista|Cryptophyceae|Cryptomonadales|lineage-E|strain=CR-MAL03	AGCTCTAATAGCGTATATTAAAGTTGTTGCAGCTAAAAAGCTCGTAGTCGGATGTCGGGTTCGGGGTGGCTGTCGGCCTAGGTCGGATGGCCGTTCCGGATCTTTCTGCCTGGGGATCCTATTCTTCTTAACCGAGGGGTAGTGGGACGCAGGCCGTTTACTTTGAAAAAATTAGAGTGTTCAAAGCAGGCTTTGTCTTGAATACATTAGCATGGAATAATGGAATAGGACTTTGGTCTTATTTGTTGGTTTATGGGACCGAAGTAATGATTAACAGGGGACAGTTGGGGCCGTTTATATTTCGTTGTCAGAGGTGAAATTCTTGGATTTACGAAAGATAAACTTCTGCGAAAGCATTCGGCAAGGATGTTTTCA
>EF195738 Eukaryota|Diaphoretickes|Cryptista|Cryptophyceae|Cryptomonadales|lineage-B|strain=CR-MAL04	AGCTCTAATAGCGTATATTAAAGTTGTTGCAGTTAAAAAGCTCGTAGTCGGATGTCGGGCTCGGGCAGGCTGTCGGCTTCGGTCGGACGGCAGGCTCGGGTCTTTCTGCCTGAGGATCCCGTTGCACTTAATTGTGGGGCGTGGGGACGCAGGCCGTTTACTTTGAAAAAATTAGAGTGGTTCAAAGCAGGCCTACGCCTTGAATACATTAGCATGGAATAATGGAATAGGACTTTGGTGCTATTTTGTTGGTTTATGGGACCGAAGTAATGATTAACAGGGACAGTTGGGGCCGTTTATATTTCGTTGTCAGAGGTGAAATTCTTGGATTTACGAAAGATAAACTTCTGCGAAAGCATTCGGCAAGGATGTTTTCA
>EF195739 Eukaryota|Diaphoretickes|Cryptista|Cryptophyceae|Cryptomonadales|lineage-B|strain=CR10-2	AGCTCTAATAGCGTATATTAAAGTTGTTGCAGTTAAAAAGCTCGTAGTCGGATGTCGGGCTCGGGCAAGCTGTCGGCCTTTGGTCGGACGGCAGGCTCGGGTCTTTCTGCCTGAGGAACCCGGTTGCTTTAACGAGCTGCCGGTGGACGCAGGTCGTTTACTTTGAAAAAATTAGAGTGTTCAAAGCAGGCTAGCGCTTGAATACATTAGCATGGAATAATGGAATAGGACTTTGGTGCTATTTTGTTGGTTTATGGGACCGAAGTAATGATTAACAGGGACAGTTGGGGCCGTTTATATTTCGTTGTCAGAGGTGAAATTCTTGGATTTACGAAAGATAAACTTCTGCGAAAGCATTCGGCAAGGATGTTTTCA
>EF432522 Eukaryota|Diaphoretickes|Cryptista|Cryptophyceae|Cryptomonadales|lineage-B|g:Geminigera|strain=SL64/78sp	AGCTCTAATAGCGTATATTAAAGTTGTTGCAGTTAAAAAGCTCGTAGTCGGATGTCGGGCTCGGGCAGGCTGTCGGCTTCGGTCGGACGGCAGGCTCGGGTCTTTCTGCCTGAGGATCCTGTTGCACTTTATTGTGGGGCTGGGGACGCAGGCCGTTTACTTTGAAAAAATTAGAGTGTTCAAAGCAGGCCTACGCTTGAATACATTAGCATGGAATAATGGAATAGGACTTTGGTGCTATTTTGTTGGTTTATGGGACCGAAGTAATGATTAACAGGGACAGTTGGGGCCGTTTATATTTCGTTGTCAGAGGTGAAATTCTTGGATTTACGAAAGATAAACTTCTGCGAAAGCATTCGGCAAGGATGTTTTCA
>EF526832 Eukaryota|Diaphoretickes|Cryptista|Cryptophyceae|CRY4-lineage|clone=NA1_3C10	AGCTCTAATAGCGTATATTAAAGTTGTTGCAGTTAAAAAGCTCGTAGTTGGATCTCGGGGCCGGACCAGCTGTCCGCTGATGCGAGATGGCCGGGCCAGCCCTTTCTTTCCGGGGACCACGTTGCTCTTCACTGAGGGACGATGGGACACGGATCGTTTACTTTGAAAAAATTAGAGTGTTCAAAGCAGGCCTTCGCTTGAATACATTAGCATGGAATAATGGAATAGGACTTCGGTGCTATTTCGTTGGTTTCTAGAACCGAAGTAATGATTAATAGGGATAGTTGGGGGCGTTCATATTCCGTTGTCAGAGGTGAAATTCTTGGATTTACGGAAGACGAACTTCTGCGAAAGCATTCGCCAAGGATGTTTTCA
>EU047707 Eukaryota|Diaphoretickes|Cryptista|Cryptophyceae|g:Goniomonas|ma-G-clade|strain=CCAP-980/2	AGCTCTAATAGCGTATATTAAAGTTGTTGCAGTTAAAAAGCTCGTAGTTGGATCTCGGGGTCGGAACGGCTGTCGGGCGATGCTCGGACGGCCGGTTTGGCTCCTTTCTTCCGAGGCTTGCGTCGTCTTTCACTAGAGGGCGTTGGGGCTCGGATCGTTTACTTTGAAAAAATTAGAGTGTTCAAAGCAGGCCTTCGCTTGAATACATTAGCATGGAATAATGGAATAGGACTGCGGTTCTATTTTGTTGGTTTCTAGGACCGAAGTAATGATTAATAGGGATAGTTGGGGCCGTTTGTATTCCGTTGTCAGAGGTGAAATTCTTGGATTTACGGAAGACAAACTTCTGCGAAAGCATTCGGCAAGGATGTTTTCA
>EU446402 Eukaryota|Diaphoretickes|Cryptista|Cryptophyceae|CRY3-lineage|clone=cLA13D01	AGCTCCAATAGCGTATATTAAAGTTGTTGCAGTTAAAAAGCTCGTAGTTGGATTTCGGGGTTCGGGAGGCTGGCGGCCGACGGTCGCAAGCCCACCGGGTCCTTTTCTGCTGTGGACGCGTCACCCTTAACTGGGAGGCGTCGGGCGCAGCTCGCTTACTTTGAAAAAATTAGAGTGTTCAAAGCAGGCTTTCGCTTGAATACATTAGCATGGAATAATGGAATAGGACCTGGTTCTATTTTGTTGGTTATGGGACCAAGTAATGATTAATAGGGACAGTTGGGGGCGTTCATATTCCGTAGTCAGAGGTGAAATTCTTAGATTTACGGAAGATGAACTTCTGCGAAAGCATTCGCCAAGGATGTTTTCA
>EU926158 Eukaryota|Diaphoretickes|Cryptista|Cryptophyceae|Cryptomonadales|lineage-E|Rpauca-clade|strain=CCAP-978/24	AGCTCTAATAGCGTATATTAAAGTTGTTGCAGTTAAAAAGCTCGTAGTCGGATGTCGGGCTCGGGGAGGCTGTCGGCCTTTGGTCGGACGGCATGTCCGGGCCTTTCTGCCTGGGGATCCTATTCTACTTAACTGTAGGGTAGTGGGACGCAGGCCGTTTACTTTGAAAAAATTAGAGTGTTCAAAGCAGGCCTACGCTTGAATACATTAGCATGGAATAATGGAATAGGACTTTGGTCTTATTTGTTGGTTTATGGGACCGAAGTAATGATTAACAGGGACAGTTGGGGCCGTTTATATTTCGTTGTCAGAGGTGAAATTCTTGGATTTACGAAAGATAAACTTCTGCGAAAGCATTCGGCAAGGATGTTTTCA
>FJ537320 Eukaryota|Diaphoretickes|Cryptista|Cryptophyceae|CRY1-lineage|clone=Biosope_T39.105	AGCTCTAATAGCGTATATTAAAGTTGTTGCAGTTAGAAAGCTCGTAGTTGTATTTTGACCTCGGACAGGCGATCGGCTTCTGTCGTATTGCCCTTCCTTGGTCTTCCTTCTGTGGACTGTCTATTAAGTTAGGCGTGGACGCAGATCGTTTACTGTGAGTAAATTAGAGTGTTCAAAGCAGGCAATACGCTTGAATACATTAGCATGGAATAATAGAATAGGACGTCGGGTCTATTTTGTTGGTTTAGGAACCGTCGTAATGATTAATAGGGACAGTTGGGGCCGTTTATATTCCGTAGTCAGAGGTGAAATTCTTGGATTTACGGAAGATAAACTACTGCGAAAGCATTCGGCAAGGATGTTTTCG
>FJ884690 Eukaryota|Diaphoretickes|Cryptista|Cryptophyceae|Cryptomonadales|lineage-B|strain=CR-MAL11	AGCTCTAATAGCGTATATTAAAGTTGTTGCAGTTAAAAAAGCTCGTAGTCGGATGTCGGGCTCGGGCAGGCTGTCGGCTTCGGTCGGACGGCAGGCTCGGGTCTTTCTGCCTGAGGAACCCGTGGCACTTAACTGTGCGGCGTGGGGACGCAGGCCGTTTACTTTGAAAAAATTAGAGTGTTCAAAGCAGGCCTACGCTTGAATACATTAGCATGGAATAATGGAATAGGACTTTGGTGCTATTTTGTTGGTTTATGGGACCGAAGTAATGATTAACAGGGACAGTTGGGGCCGTTTATATTTCGTTGTCAGAGGTGAAATTCTTGGATTTACGAAAGATAAACTTCTGCGAAAGCATTCGGCAAGGATGTTTTCA
>FM876311 Eukaryota|Diaphoretickes|Cryptista|Cryptophyceae|Cryptomonadales|lineage-B|Plagioselmis+nannoplanctica|strain=N750301	AGCTCTAATAGCGTATATTAAAGTTGTTGCAGTTAAAAAGCTCGTAGTCGGATGTCGGGCTCGGGCAGGCTGTCGGCTTCGGTCGGACGGCAGGCTCGGGTCTTTCTGCATGAGGATCCCGTTGCACTTTATTGTGGGGCGTGGGGACACATGCCGTTTACTTTGAAAAATTAGAGTGTTCAAAGCAGGCCTACGCTTGAATACATTAGCATGGAATAATGGAATAGGACTTTGGTCTTATTTGTTGGTTATGGGACCGAAGTAATGATTAACAGGGACAGTTGGGGCCGTTTATATTTCGTTGTCAGAGGTGAAATTCTTGGATTTACGAAAGATAAACTTGTGCGAAAGCATTCGGCAAGGATGTTTTCA
>FR850018 Eukaryota|Diaphoretickes|Cryptista|Cryptophyceae|Cryptomonadales|lineage-D|g:Hemiselmis|strain=WE-2011	AGCTCTAATAGCGTATATTAAAGTTGTTGCAGTTAAAAAGCTCGTAGTCGGATGTCGGGCTCGGGCAGGCTGTCGGCCTCTGGTCGGACGGCAGGCTCGGGTCTTCTTGCCTGGGGGCTCCGTCACACTTAACTGTGGGGCGGCAGGTCGCAGGTTGTTTACTTTGAAAAAATTAGAGTGTTCAAAGCAGGCCTACGCTTGAATACATTAGCATGGAATAATGGAATAGGACTTTGGTGCTATTTTGTTGGTTTATGGGACCGAAGTAATGATTAATAGGGACAGTTGGGGCCGTTTATATTTCGTTGTCAGAGGTGAAATTCTTGGATTTACGAAAGATAAACTTCTGCGAAAGCATTCGGCAAGGATGTTTTCA
>GQ375264 Eukaryota|Diaphoretickes|Cryptista|Cryptophyceae|Cryptomonadales|g:Baffinella|Baffinella+frigidus|strain=CCMP-2045	AGCTCTAATAGCGTATATTAAAGTTGTTGCAGTTAAAAAGCTCGTAGTCGGATTTCGGGCTCGGGCAGGCTGTCGGCCTCGGTCGGACGGCAGGCTCGGGCCTTTCTGCCTGGGGACTCCGTCACACTTAACTGTGGGGCGGTTGGACGCAGGCCGTTTACTTTGAAAAAATTAGAGTGTTCAAAGCAGGCCTACGCTTGAATACATTAGCATGGAATAATGGAATAGGACTTTGGTGCTATTTTGTTGGTTTATGGGACCGAAGTAATGATTAACAGGGACAGTTGGGGCCGTTTATATTTCGTTGTCAGAGGTGAAATTCTTGGATTTACGAAAGATAAACTTCTGCGAAAGCATTCGGCAAGGATGTTTTCA
>GQ375265 Eukaryota|Diaphoretickes|Cryptista|Cryptophyceae|Cryptomonadales|g:Baffinella|Baffinella+frigidus|strain=CCMP-2293	AGCTCTAATAGCGTATATTAAAGTTGTTGCAGTTAAAAAGCTCGTAGTCGGATTTCGGGCTCGGGCAGGCTGTCGGCCTCGGTCGGACGGCAGGCTCGGGCCTTTCTGCCTGGGGACTCCGTCACACTTAACTGTGGGGCGGTTGGACGCAGGCCGTTTACTTTGAAAAAATTAGAGTGTTCAAAGCAGGCCTACGCTTGAATACATTAGCATGGAATAATGGAATAGGACTTTGGTGCTATTTTGTTGGTTTATGGGACCGAAGTAATGATTAACAGGGACAGTTGGGGCCGTTTATATTTCGTTGTCAGAGGTGAAATTCTTGGATTTACGAAAGATAAACTTCTGCGAAAGCATTCGGCAAGGATGTTTTCA
>GQ863814 Eukaryota|Diaphoretickes|Cryptista|Cryptophyceae|CRY3-lineage|clone=AMT15_15_10m_361	AGCTCCAATAGCGTATATTAACGTTGTTGCAGTTAAAAAGCTCGTAGTTGGATTTCGAGGCCTGGGTGGCTGTCACCCTATGGGTAGGCGGGCCGCCTGGGTCTCTTATTTCCGGGGACGGCGTCACTTTTAATTAAGGGGCGTTCGGACGCGGATCGTTTACTTTGAAAAAATTAGAGTGTTCAAAGCAGGCCTTCGCTTGAATACATTAGCATGGAATAATGGAATAGGACTCTGGGCCTATTTTGTTGGTTTCTGGGACTAGAGTAATGATTAATAGGGACAGTTGGGGGCGTTCATATTCCGATGTCAGAGGTGAAATTCTTGGATTTTCGGAAGATGAACTTCTGCGAAAGCATTCGCCAAGGATGTTTTCA
>GU067784 Eukaryota|Diaphoretickes|Cryptista|Cryptophyceae|CRY1-lineage|fw-CRY1-clade|clone=ESS220206.005	AGCTCTAATAGCGTATATTAAAGTTGTTGCAGTTAAAAAGCTCGTAGTTGGATTTTGAGGTCGATCGGGCGGGCGGCGCAAGTTGCACTGCTTGGTCGGCTTCTTTCTTCCGTGTGACCAGCGGCATTCACTTGTCGTCGTAATTGCGCGGATCGTTTACTGTGAAAAAATTAGAGTGTTCAAGGCAGGCGTTTGCTTGAATACATTAGCATGGAATAATGGAATAGGACTTCGGACCTATTTTGTTGGTTTCTAGGACCGTCGTAATGATTAATAGGGACAGTTGGGGCCGTTCATATTCCGTAGTCAGAGGTGGAATTCTTGGATTTACGGAAGATGAACTACTGCGAAAGCATTCGGCAAGGATGTTTTCG
>GU594640 Eukaryota|Diaphoretickes|Cryptista|Cryptophyceae|Cryptomonadales|lineage-E|Rirregularis-clade|strain=CCMP-768	AGCTCTAATAGCGTATATTAAAGTTGTTGCAGTTAAAAAGCTCGTAGTCGGATGTCGGGCTCGGGGAGGCTGTCGGCCTTCGGTCGGACGGCATGTCCGGGCCTTTCTGCCTGGGGATCCTACTCTACTTAACTGTAGGGTAGTGGGACGCAGGCCGTTTACTTTGAAAAAATTAGAGTGTTCAAAGCAGGCCTACGCTTGAATACATTAGCATGGAATAATGGAATAGGACTTTGGTCTTATTTGTTGGTTTATGGGACCGAAGTAATGATTAACAGGGACAGTTGGGGGCCGTTTATATTTCGTTGTCAGAGGTGAAATTCTTGGATTTACGAAAGATAAACTTCTGCGAAAGCATTCGGCAAGGATGTTTTCA
>GU824726 Eukaryota|Diaphoretickes|Cryptista|Cryptophyceae|CRY1-lineage|clone=BCI3F14RM1F08	AGCTCTAATAGCGTATATTAAAGTTGTTGCAGTTAAAAAGCTCGTAGTTGGATTTTGGTGTCGGACAGGCGGTCGGCTTTTGTCGTACTGCCCTTCTGACGCCTTCCTTCTGTGGACTGCGTCACTCTTAACTGAGGGGCGTTTGGACGCAGATCGTTTACTGTGAGTAAATTAGAGTGTTCAAAGCAGGCCTTACGCTTGAATACATTAGCATGGAATAATAGAATAGGACGTCGGGCCTATTTTGTTGGTTTAGGGACCGTCGTAATGATTAATAGGGACAGTTGGGGCCGTTCATATTCCGTAGTCAGAGGTGAAATTCTTGGATTTACGGAAGATGAACTACTGCGAAAGCATTCGGCAAGGATGTTTTCG
>HF952557 Eukaryota|Diaphoretickes|Cryptista|Cryptophyceae|Cryptomonadales|lineage-E|Rpauca-clade|Rhinomonas+nottbecki|strain=07B5	AGCTCTAATAGCGTATATTAAAGTTGTTGCAGTTAAAAAGCTCGTAGTCGGATGTCGGGCTCGGGGAGGCTGTCGGCCTTTGGTCGGACGGCATGTCCGGGCCTTTCTGCCTGGGGATCCTATTCTACTTCACTGTAGGGTAGTGGGACGCAGGCCGTTTACTTTGAAAAAATTAGAGTGTTCAAAGCAGGCCTACGCTTGAATACATTAGCATGGAATAATGGAATAGGACTTTGGTCTTATTTGTTGGTTTATGGGACCGAAGTAATGATTAACAGGGACAGTTGGGGCCGTTTATATTTCGTTGTCAGAGGTGAAATTCTTGGATTTACGAAAGATAAACTTCTGCGAAAGCATTCGGCAAGGATGTTTTCA
>HG328375 Eukaryota|Diaphoretickes|Cryptista|Cryptophyceae|Cryptomonadales|lineage-D|Cafricana-clade|strain=ACOI-1366	AGCTCTAATAGCGTATATTAAAGTTGTTGCAGTTAAAAAGCTCGTAGTCGGATGTCGGGGTCGGGAGGACTGTTGGCCTCTGGTCGAACGGTAAGCTCGGCCCTTTTTGCCTGGGGACTCTGTCACACTTAACTGTGGGGCGGATGGTCGCAGGCCGTTTACTTTGAAAAAATCAGATCGTTCAAAGAAGGCTTTTGCTCGAATATGTTAGCATGGAATAATGGAATAGGACTTTGGTGCTATTTTGTTGGTTTATGGGACCGAAGTAATGATTAATAGGGACAGTTGGGGCCGTTTATATTTCGTTGTCAGAGGTGAAATTCTTGGATTTACGAAAGATAAACTTCTGCGAAAGCATTCGGCAAGGATGTTTTCA
>HG328376 Eukaryota|Diaphoretickes|Cryptista|Cryptophyceae|Cryptomonadales|lineage-D|Cafricana-clade|Chroomonas+africana|strain=Hoef-Emden-2013	AGCTCTAATAGCGTATATTAAAGTTGTTGCAGTTAAAAAGCTCGTAGTCGGATGTCGGGGTCGGGAGGACTGTTGGCCTCTGGTCGAACGGTAAGCTCGGCCCTTTTTGCCTGGGGACTCTGTCACACTTAACTGTGGGGCGGATGGACGCAGGCCGTTTACTTTGAAAAAATCAGATCGTTCAAAGAAGGCTTTTGCTCGAATATGTTAGCATGGAATAATGGAATAGGACTTTGGTGCTATTTTGTTGGTTTATGGGACCGAAGTAATGATTAATAGGGACAGTTGGGGCCGTTTATATTTCGTTGTCAGAGGTGAAATTCTTGGATTTACGAAAGATAAACTTCTGCGAAAGCATTCGGCAAGGATGTTTTCA
>HG328377 Eukaryota|Diaphoretickes|Cryptista|Cryptophyceae|Cryptomonadales|lineage-D|Cafricana-clade|strain=CCAC-3670-B	AGCTCTAATAGCGTATATTAAAGTTGTTGCAGTTAAAAAGCTCGTAGTCGGATGTCGGGGTCGGGAGGACTGTTGGCCTCTGGTCGAACGGTAAGCTCGGCCCTTTTTGCCTGGGGACTCTGTCACACTTAACTGTGGGGCGGATGGACGCAGGCCGTTTACTTTGAAAAAATCAGATCGTTCAAAGAAGGCTTTTGCTCGAATATGTTAGCATGGAATAATGGAATAGGACTTTGGTGCTATTTTGTTGGTTTATGGGACCGAAGTAATGATTAATAGGGACAGTTGGGGCCGTTTATATTTCGTTGTCAGAGGTGAAATTCTTGGATTTACGAAAGATAAACTTCTGCGAAAGCATTCGGCAAGGATGTTTTCA
>HG328378 Eukaryota|Diaphoretickes|Cryptista|Cryptophyceae|Cryptomonadales|lineage-D|g:Chroomonas|Chroomonas+nordstedtii|strain=NIES-708	AGCTCTAATAGCGTATATTAAAGTTGTTGCAGTTAAAAAGCTCGTAGTCGGACTTCGGGCTCGGGCAGGCTGTCGGCCTCTGGTCGGACGGCAGGCTCGGGTCTTTTTGCCTGGGGACTCTGTCACACTTAACTGTGGGGCGGATGGACGCAGGCCGTTTACTTTGAAAAAATTAGAGTGTTCAAAGCAGGCCTACGCTTGAATACATTAGCATGGAATAATGGAATAGGACTTTGGTGCTATTTTGTTGGTTTATGGGACCGAAGTAATGATTAATAGGGACAGTTGGGGCCGTTTATATTTCGTTGTCAGAGGTGAAATTCTTGGATTTACGAAAGATAAACTTCTGCGAAAGCATTCGGCAAGGATGTTTTCA
>HG328379 Eukaryota|Diaphoretickes|Cryptista|Cryptophyceae|Cryptomonadales|lineage-D|g:Komma|strain=NIES-712	AGCTCTAATAGCGTATATTAAAGTTGTTGCAGTTAAAAAGCTCGTAGTCGGATGTTGGGGTCTGGGCAGGCTGTTGGCCTCGTGTCGAACGGCAGGCTCGACTCTTTTTGCCTGGGGGCCCCGCTTCTCTTCACTGGGAGGCGGTGTGCTATCAGGCCGTTTACTTTGAAAAAATTAGAGTGTTCAAAGCAGGCCTACGCTTGAATACATTAGCATGGAATAATGGAATAGGACTTTGGTGCTATTTTGTTGGTTTATGGGACCGAAGTAATGATTAATAGGGACAGTTGGGGCCGTTTATATTTCGTTGTCAGAGGTGAAATTCTTGGATTTACGAAAGATAAACTTGTGCGAAAGCATTCGGCAAGGATGTTTTCA
>HG328380 Eukaryota|Diaphoretickes|Cryptista|Cryptophyceae|Cryptomonadales|lineage-D|Cafricana-clade|strain=NIES-713	AGCTCTAATAGCGTATATTAAAGTTGTTGCAGTTAAAAAGCTCGTAGTCGGATGTCGGGGTCGGGAGGACTGTTGGCCTCTGGTCGAACGGTAAGCTCGGCCCTTTTTGCCTGGGGACTCCGTCACACTTAACTGTGGGGCGGATGGACGCAGGCCGTTTACTTTGAAAAAATCAGATCGTTCAAAGAAGGCTTTTGCTCGAATATGTTAGCATGGAATAATGGAATAGGACTTTGGTGCTATTTTGTTGGTTTATGGGACCGAAGTAATGATTAATAGGGACAGTTGGGGCCGTTTATATTTCGTTGTCAGAGGTGAAATTCTTGGATTTACGAAAGATAAACTTCTGCGAAAGCATTCGGCAAGGATGTTTTCA
>HG328381 Eukaryota|Diaphoretickes|Cryptista|Cryptophyceae|Cryptomonadales|lineage-D|Cafricana-clade|strain=NIES-714	AGCTCTAATAGCGTATATTAAAGTTGTTGCAGTTAAAAAGCTCGTAGTCGGATGTCGGGGTCGGGAGGACTGTTGGCCTCTGGTCGAACGGTAAGCTCGGCCCTTTTTGCCTGGGGACTCCGTCACACTTAACTGTGGGGCGGATGGACGCAGGCCGTTTACTTTGAAAAAATCAGATCGTTCAAAGAAGGCTTTTGCTCGAATATGTTAGCATGGAATAATGGAATAGGACTTTGGTGCTATTTTGTTGGTTTATGGGACCGAAGTAATGATTAATAGGGACAGTTGGGGCCGTTTATATTTCGTTGTCAGAGGTGAAATTCTTGGATTTACGAAAGATAAACTTCTGCGAAAGCATTCGGCAAGGATGTTTTCA
>HG328382 Eukaryota|Diaphoretickes|Cryptista|Cryptophyceae|Cryptomonadales|lineage-D|g:Chroomonas|Chroomonas+nordstedtii|strain=NIES-1004	AGCTCTAATAGCGTATATTAAAGTTGTTGCAGTTAAAAAGCTCGTAGTCGGACTTCGGGCTCGGGCAGGCTGTCGGCCTCTGGTCGGACGGCAGGCTCGGGTCTTTTTGCCTGGGGACTCTGTCACACTTAACTGTGGGGCGGATGGACGCAGGCCGTTTACTTTGAAAAAATTAGAGTGTTCAAAGCAGGCCTACGCTTGAATACATTAGCATGGAATAATGGAATAGGACTTTGGTGCTATTTTGTTGGTTTATGGGACCGAAGTAATGATTAATAGGGACAGTTGGGGCCGTTTATATTTCGTTGTCAGAGGTGAAATTCTTGGATTTACGAAAGATAAACTTCTGCGAAAGCATTCGGCAAGGATGTTTTCA
>HM126531 Eukaryota|Diaphoretickes|Cryptista|Cryptophyceae|Cryptomonadales|lineage-B|Teleaulax+acuta|strain=K-1486	AGCTCTAATAGCGTATATTAAAGTTGTTGCAGTTAAAAAGCTCGTAGTCGGATGTCGGGCTCGGGCAGGCTGTCGGCTTCGGTCGGACGGCAGGCTCGGGTCTTTCTGCCTGAGGAACCCGTGGCACTTAACTGTGCGGCGTGGGGACGCAGGCCGTTTACTTTGAAAAAATTAGAGTGTTCAAAGCAGGCCTACGCTTGAATACATTAGCATGGAATAATGGAATAGGACTTTGGTGCTATTTTGTTGGTTTATGGGACCGAAGTAATGATTAACAGGGACAGTTGGGGCCGTTTATATTTCGTTGTCAGAGGTGAAATTCTTGGATTTACGAAAGATAAACTTCTGCGAAAGCATTCGGCAAGGATGTTTTCA
>HM126532 Eukaryota|Diaphoretickes|Cryptista|Cryptophyceae|Cryptomonadales|lineage-E|Rpauca-clade|strain=K-1487	AGCTCTAATAGCGTATATTAAAGTTGTTGCAGTTAAAAAGCTCGTAGTCGGATGTCGGGCTCGGGGAGGCTGTCGGCCTTTGGTCGGACGGCATGTCCGGGCCTTTCTGCCTGGGGATCCTATTCTACTTAACTGTAGGGTAGTGGGACGCAGGCCGTTTACTTTGAAAAAATTAGAGTGTTCAAAGCAGGCCTACGCTTGAATACATTAGCATGGAATAATGGAATAGGACTTTGGTCTTATTTGTTGGTTTATGGGACCGAAGTAATGATTAACAGGGACAGTTGGGGCCGTTTATATTTCGTTGTCAGAGGTGAAATTCTTGGATTTACGAAAGATAAACTTCTGCGAAAGCATTCGGCAAGGATGTTTTCA
>HM126533 Eukaryota|Diaphoretickes|Cryptista|Cryptophyceae|Cryptomonadales|lineage-D|g:Hemiselmis|Hemiselmis+tepida|strain=CCMP-442	AGCTCTAATAGCGTATATTAAAGTTGTTGCAGTTAAAAAGCTCGTAGTCGGATGTCGGGCTCGGGCAGGCTGTCGGCCTCTGGTCGGACGGCAGGCTCGGGTCTTTTTGCCTGGGGGCTCCGTCACACTTAACTGTGGGGCGGTAGGTCGCAGGCCGTTTACTTTGAAAAAATTAGAGTGTTCAAAGCAGGCCTACGCTTGAATACATTAGCATGGAATAATGGAATAGGACTTTGGTGCTATTTTGTTGGTTTATGGGACTGAAGTAATGATTAATAGGGACAGTTGGGGCCGTTTATATTTCGTTGTCAGAGGTGAAATTCTTGGATTTACGAAAGATAAACTTCTGCGAAAGCATTCGGCAAGGATGTTTTCA
>HM126534 Eukaryota|Diaphoretickes|Cryptista|Cryptophyceae|Cryptomonadales|lineage-D|g:Chroomonas|Chroomonas+gentoftensis|strain=K-0432	AGCTCTAATAGCGTATATTAAAGTTGTTGCAGTTAAAAAGCTCGTAGTCGGACTTCGGGCTCGGGCAAGCTGTCGGCCTAGTGTCGGACGGCGGGCTCGGGCCTTTTTGCCTGGGGACTCCGTCACACTTAATTGTGGGGCGGCTGTACGCAGGCCGTTTACTTTGAAAAAATTAGAGTGTTCAAAGCAGGCCTACGCTTGAATACATTAGCATGGAATAATGGAATAGGACTTTGGTGCTATTTTGTTGGTTTATGGGACCGAAGTAATGATTAATAGGGACAGTTGGGGCCGTTTATATTTCGTTGTCAGAGGTGAAATTCTTGGATTTACGAAAGATAAACTTCTGCGAAAGCATTCGGCAAGGATGTTTTCA
>HM126535 Eukaryota|Diaphoretickes|Cryptista|Cryptophyceae|Cryptomonadales|lineage-E|Rpauca-clade|strain=K-1488	AGCTCTAATAGCGTATATTAAAGTTGTTGCAGTTAAAAAGCTCGTAGTCGGATGTCGGGCTCGGGGAGGCTGTCGGCCTTTGGTCGGACGGCATGTCCGGGCCTTTCTGCCTGGGGATCCTATTCTACTTAACTGTAGGGTAGTGGGACGCAGGCCGTTTACTTTGAAAAAATTAGAGTGTTCAAAGCAGGCCTACGCTTGAATACATTAGCATGGAATAATGGAATAGGACTTTGGTCTTATTTGTTGGTTTATGGGACCGAAGTAATGATTAACAGGGACAGTTGGGGCCGTTTATATTTCGTTGTCAGAGGTGAAATTCTTGGATTTACGAAAGATAAACTTCTGCGAAAGCATTCGGCAAGGATGTTTTCA
>HM126536 Eukaryota|Diaphoretickes|Cryptista|Cryptophyceae|Cryptomonadales|g:Proteomonas|Proteomonas+sulcata|strain=CCMP-321	AGCTCTAATAGCGTATACTTAAGTTGTTGCAGTTAAAAAGCTCGTAGTCGGATGTCGGGCTTGGGCAGGCTGTCGGCTTTTGTCGGACGGCAGGCTCGGGCCTTTCTGCCTGGGGACCGCGTCACACTTCACTGTGGGGCGTTGGGACGCAGGCCGTTTACTTTGAAAAAATTAGAGTGTTCAAAGCAGGCCTACGCTTGAATACATTAGCATGGAATAATGGAATAGGACTTTGGTGCCATTCTGTTGGTTTATGGAACCGAAGTAATGATTAATAGGGACAGTTGGGGCCGTTTATATTTCGTTGTCAGAGGTGAAATTCTTGGATTTACGAAAGATAAACTTCTGCGAAAGCATTCGGCAAGGATGTTTTCA
>HQ111512 Eukaryota|Diaphoretickes|Cryptista|Cryptophyceae|Cryptomonadales|lineage-B|g:Geminigera|strain=Bayly-Bay	AGCTCTAATAGCGATATTAAAGTTGTTGCAGTTAAAAAGCTCGTAGTCGGATGTCGGGCTCGGGCAGGCTGTCGGCTTCGGTCGGACGGCAGGCTCGGGTCTTTCTGCCTGAGGATCCTGTTGCACTTTATTGTGGGGCTGGGGACGCAGGCCGTTTACTTTGAAAAAATTAGAGTGTTCAAAGCAGGCCTACGCTTGAATACATTAGCATGGAATAATGGAATAGGACTTTGGTGCTATTTTGTTGGTTTATGGGACCGAAGTAATGATTAACAGGGACAGTTGGGGCCGTTTATATTTCGTTGTCAGAGGTGAAATTCTTGGATTTACGAAAGATAAACTTCTGCGAAAGCATTCGGCAAGGATGTTTTCA
>HQ111513 Eukaryota|Diaphoretickes|Cryptista|Cryptophyceae|Cryptomonadales|lineage-B|g:Geminigera|strain=Ace-Lake	AGCTCTAATAGCGTATATTAAAGTTGTTGCAGTTAAAAAGCTCGTAGTCGGATGTCGGGCTCGGGCAGGCTGTCGGCTTCGGTCGGACGGCAGGCTCGGGTCTTTCTGCCTGAGGATCCATTTGCACTTTATTGTGGAGGTGGGGACGCAGGCCGTTTACTTTGAAAAAATTAGAGTGTTCAAAGCAGGCCTACGCTTGAATACATTAGCATGGAATAATGGAATAGGACTTTGGTGCTATTTTGTTGGTTTATGGGACCGAAGTAATGATTAACAGGGACAGTTGGGGCCGTTTATATTTCGTGGTCAGAGGTGAAATTCTTGGATTTACGAAAGATAAACTTCTGCGAAAGCATTCGGCAAGGATGTTTTCA
>HQ219447 Eukaryota|Diaphoretickes|Cryptista|Cryptophyceae|CRY1-lineage|fw-CRY1-clade|clone=AY2009D5	AGCTCTAATAGCGTATATTAAAGTTGTTGCAGTTAAAAAGCTCGTAGTTGGATTTTGAGGTCGATCGGGCGGGCGGCTTCTGTCGCACTGTTTGGTCGGCTTCTTTCTTCCGTGTGACCAGCGGCATTCACTTGTCGTTGTAATTGCGCGGATCGTTTACTGTGAAAAAATTAGAGTGTTCAAGGCAGGCGTTTGCTTGAATACATTAGCATGGAATAATGGAATAGGACTTCGGACCTATTTTGTTGGTTTCTAGGACCGTCGTAATGATTAATAGGGACAGTTGGGGCCGTTCATATTCCGTAGTCAGAGGTGAAATTCTTGGATTTACGGAAGATGAACTACTGCGAAAGCATTCGGCAAGGATGTTTTCG
>JF790984 Eukaryota|Diaphoretickes|Cryptista|Cryptophyceae|Cryptomonadales|lineage-D|g:Hemiselmis|strain=1121	AGCTCTAATAGCGTATATTAAAGTTGTTGCAGTTAAAAAGCTCGTAGTCGGATGTCGGGCTCGGGCAGGCTGTCGGCCTCTGGTCGGACGGCAGGCTCGGGTCTTTTTGCCTGGGGGCTCCGTCACACTTAACTGTGGGGCGGTAGGTCGCATGCCGTTTACTTTGAAAAAATTAGAGTGTCCAAAGCACGCCTACGCTTGAATACATTAGCATGGAAATAATGGAAATAGGACTTTGGTGCTATTTTGTTGGTTTATGGGACTGAAGTAATGATTAATAGGGACAGTTGGGGCCGTTTATATTTCGTTAGTCAGAGGCGAAATTCTTGGATTTACGAAAGATAAACTTCTGCGAAAGCGATTCGGCAAGGATGTTTTCA
>JF791076 Eukaryota|Diaphoretickes|Cryptista|Cryptophyceae|Cryptomonadales|lineage-D|g:Hemiselmis|strain=1119	AGCTCTAATAGCGTATATTAAAGTTGTTGCAGTTAAAAAGCTCGTAGTCGGATGTCGGGCTCGGGCAGGCTGTCGGCCTCTGGTCGGACGGCAGGCTCCGGTCTTTTTGCCTGGGAGCTCGGTCACACTTAACTGTGGGGCCGTAGGTGGCAGGCCGTTTACTTTGAAAAAATTAGAGTGTTCAAAGCAGGCCTACGCTTGAATACATTAGCATGGAATAATGGAATAGGACTTTGGTGCTATTTTGTTGGTTTATGGGACTGAAGTAATGATTAATAGGGACAGTTGGGGCCGTTTATATTTCGTTGTCAGAGGTGAAAATTCTTGGATTTACGAAAGATAAACTTCTGCGAAAGCATTCGGCAAGGATGTTTTCA
>JN050857 Eukaryota|Diaphoretickes|Cryptista|Cryptophyceae|Cryptomonadales|g:Urgorri|Urgorri+complanatus|strain=Cr1EHU	AGCTCTAATAGCGTATATTAAAGTTGTTGCAGTTAAAAAGCTCGTAGTCGGAATTCGGGTTCGGGCAGGCTTCTGACCTCTGGGAAGATGGCAGGCTCGGATCTTTCTGCCTTGTTTCTATTTCGCACTTAACTGTTCGGAGTAGGGATTAGGCCGTTTACTTTGAAAAAATTAGAGTGTTCAAAGCAGGCCAACGCTTGAATACATTAGCATGGAATAATGGAATAGGACTTTGGTGCTATTTCGTTGGTTTATGGGACCGAAGTAATGATTAATAGGGACAGTTGGGGCCGTTTATATTCCGTTGTCAGAGGTGAAATTCTTGGATTTACGGAAGATAAACTTCTGCGAAAGCATTCGGCAAGGATGTTTTCA
>JN705503 Eukaryota|Diaphoretickes|Cryptista|Cryptophyceae|CRY5-lineage|clone=226Jun21_05A	AGCTCCAATAGCGTATATTAAAGTTGTTGCAGTTAAAAAGCTCGTAGTTGGACTTCGGGCTAGGGCGAGCCGGTGGCAACACTAGGCTAACCCTGGCCTTTCACTCTGGGGACCACGTCACTTTTAACTAAGGGGCGCTGGGACGCAGGTCGTTTACTTTGAAAAAATCAGAGTGTTCAAAGCAGGCATTTGCTTGAATACATTAGCATGGAATAATGAAATAGGACTTTGGTTCTATTTTGTTGGTTTATGGGACCGAAGTAATGATTAATAGGGACAGTTGGGGGCGTTTGTGTTCCGTTGTCAGAGGTGAAATTCTTGGATTTACGGAAGACAAACAACTGCGAAAGCATTCGCCAAGGATGTTTTCG
>JN934672 Eukaryota|Diaphoretickes|Cryptista|Cryptophyceae|Cryptomonadales|lineage-E|Rabbreviata-clade|strain=RCC-2020	AGCTCTAATAGCGTATATTAAAGTTGTTGCAGTTAAAAAGCTCGTAGTCGGATGTCGGGCTCGGGGAGATTGTCGGCCTTTGGTCGGATAGTTTCTCCGGGCCTTTCTGCCTGGGAACCCTATTCTACTTAACTGTAGGGTAGTGGGACGCAGGCCGTTTACTTTGAAAAAATTAGAGTGTTCAAAGCAGGCCTACGCTTGAATACATTAGCATGGAATAATGGAATAGGACTTTGGTCTTATTTGTTGGTTTATGGGACCGAAGTAATGATTAACAGGGACAGTTGGGGCCGTTTATATTTCGTTGTCAGAGGTGAAATTCTTGGATTTACGAAAGATAAACTTCTGCGAAAGCATTCGGCAAGGATGTTTTCA
>JQ315655 Eukaryota|Diaphoretickes|Cryptista|Cryptophyceae|Cryptomonadales|lineage-E|Rpauca-clade|strain=KMMCC-574	AGCTCTAATAGCGTATATTAAAGTTGTTGCAGTTAAAAAGCTCGTAGTCGGATGTCGGGCTCGGGGAGGCTGTCGGCCTTCGGTCGGACGGCATGTCCGGGCCTTTCTGCCTGGGGATCCTACTCTACTTAACTGTAGGGTAGTGGGACGCAGGCCGTTTACTTTGAAAAAATTAGAGTGTTCAAAGCAGGCCTACGCTTGAATACATTAGCATGGAATAATGGAATAGGACTTTGGTCTTATTTGTTGGTTTATGGGACCGAAGTAATGATTAACAGGGACAGTTGGGGCCGTTTATATTTCGTTGTCAGAGGTGAAATTCTTGGATTTACGAAAGATAAACTTCTGCGAAAGCATTCGGCAAGGATGTTTTCA
>JQ420116 Eukaryota|Diaphoretickes|Cryptista|Cryptophyceae|Cryptomonadales|g:Urgorri|clone=Q3-10	AGCTCTAATAGCGTATATTAAAGTTGTTGCAGTTAAAAAGCTCGTAGTCGGATGTCGGGCTCGGGCAGGCTGTCGGCTTCGGTCGGACGGCAGGCTCGGGTCTTTCTGCCTGAGGAACCCGTGGCACTTAACTGTGCGGCGTGGGACGCAGGCCGTTTACTTTGAAAAAATTAGAGTGTTCAAAGCAGGCCTACGCTTGAATACATTAGCATGAAATAATGGAATAGGACTTTGGTGCTATTTCGTTGGTTTATGGGACCGAAGTAATGATTAATAGGGACAGTTGGGGCCGTTTATATTCCGTTGTCAGAGGTGAAATTCTTGGATTTACGGAAGATAAACTTCTGCGAAAGCATTCGGCAAGGATGTTTTCA
>JQ434475 Eukaryota|Diaphoretickes|Cryptista|Cryptophyceae|g:Goniomonas|ma-G-clade|Goniomonas+avonlea|strain=Kim-2012	AGCTCTAATAGCGTATATTAAAGTTGTTGCAGTTAAAAAGCTCGTAGTTGGATCTTGGGGTCGGGCAGGCTGTCGGCCTCTGGTCGGACGGCTTTCTCGGCCCTTTCTTTCTGGGGACCACGTCACTTTTCACTAAGGGGCGCTGGGGCTCAGATCGTTTACTTTGAAAAAATTAGAGTGTTCAAAGCAGGCTATCGCTTGAATACATTAGCATGGAATAATGGAATAGGACTGCGGTCTTATTTTGTTGGTTTATGGGACCGAAGTAATGATTAATAGGGATAGTTGGGGCCGTTTATATTCCGTTGTCAGAGGTGAAATTCTTGGATTTACGGAAGATAAACTTCTGCGAAAGCATTCGGCAAGGATGTTTTCA
>JQ966994 Eukaryota|Diaphoretickes|Cryptista|Cryptophyceae|Cryptomonadales|lineage-B|Teleaulax+gracilis	AGCTCTAATAGCGTATATTAAAGTTGTTGCAGTTAAAAAGCTCGTAGTCGGATGTCGGGCTCGGGCAGGCTGTCGGCTTCGGTCGGACGGCAGGCTCGGGTCTTTCTGCCTGAGGATCCCGTTGCACTTAATTGTGGGGCGTGGGGACGCAGGCCGTTTACTTTGAAAAAATTAGAGTGTTCAAAGCAGGCCTACGCTTGAATACATTAGCATGGAATAATGGAATAGGACTTTGGTGCTATTTTGTTGGTTTATGGGACCGAAGTAATGATTAACAGGGACAGTTGGGGCCGTTTATATTTCGTTGTCAGAGGTGAAATTCTTGGATTTACGAAAGATAAACTTCTGCGAAAGCATTCGGCAAGGATGTTTTCA
>JQ966995 Eukaryota|Diaphoretickes|Cryptista|Cryptophyceae|Cryptomonadales|lineage-B|Teleaulax+gracilis	AGCTCTAATAGCGTATATTAAAGTTGTTGCAGTTAAAAAGCTCGTAGTCGGATGTCGGGCTCGGGCAGGCTGTCGGCTTCGGTCGGACGGCAGGCTCGGGTCTTTCTGCCTGAGGATCCCGTTGCACTTAATTGTGGGGCGTGGGGACGCAGGCCGTTTACTTTGAAAAAATTAGAGTGTTCAAAGCAGGCCTACGCTTGAATACATTAGCATGGAATAATGGAATAGGACTTTGGTGCTATTTTGTTGGTTTATGGGACCGAAGTAATGATTAACAGGGACAGTTGGGGCCGTTTATATTTCGTTGTCAGAGGTGAAATTCTTGGATTTACGAAAGATAAACTTCTGCGAAAGCATTCGGCAAGGATGTTTTCA
>JQ966996 Eukaryota|Diaphoretickes|Cryptista|Cryptophyceae|Cryptomonadales|lineage-B|Teleaulax+minuta|strain=Cr8EHU	AGCTCTAATAGCGTATATTAAAGTTGTTGCAGTTAAAAAGCTCGTAGTCGGATGTCGGGCTCGGGCAGGCTGTCGGCTTCGGTCGGACGGCAGGCTCGGGTCTTTCTGCCTGAGGATCCATCTCATTCACTTGGGGTGGGGACGCAGGCCGTTTACTTTGAAAAAATTAGAGTGTTCAAAGCAGGCCTACGCTTGAATACATTAGCATGGAATAATGGAATAGGACTTTGGTGCTATTTTGTTGGTTTATGGGACCGAAGTAATGGATTAACAGGGACAGTTGGGGCCGTTTATATTTCGTTGTCAGAGGTGAAATTCTTGGATTTACGAAAGATAAACTTCTGCGAAAGCATTCGGCAAGGATGTTTTCA
>KC928309 Eukaryota|Diaphoretickes|Cryptista|Cryptophyceae|Cryptomonadales|g:Cryptomonas|Cryptomonas+curvata|strain=HB2012-2pa	AGCTCTAATAGCATATATTAAAGTTGTTGCAGTTAAAAAGCTCGTAGTCGGATTTTGGGCGCGTGTGAACTGTCAGCCTCTGGTTGGACGGTGCGCGCGTGCCTTTCTGCTTGGGAGCCCCATGGTGGTTAATTCTGTCGTGGTGGGTCACAGGCCGTTTACTTTGAAAAAATTAGAGTGTTCAAAGCAGGCTGTTGCTTGAATAGATTAGCATGGAATAATGGAATAGGACCTTGGTGCTATTTCGTTGGTTATGGGACTGGGGTAATGATTAATAGGGACAGTTGGGGCCGTTCATATTTCGTTGTCAGAGGTGAAATTCTTGGATTTACGAACGATGAACTTGTGCGAAAGCATTCGGCAAGGATGTTTTCA
>KC928311 Eukaryota|Diaphoretickes|Cryptista|Cryptophyceae|Cryptomonadales|lineage-D|Cafricana-clade|strain=HB2011-1co	AGCTCTAATAGCGTATATTAAAGTTGTTGCAGTTAAAAAGCTCGTAGTCGGATGTCGGGGTCGGGAGGACTGTTGGCCTCTGGTCGAACGGTAAGCTCGGCCCTTTTTGCCTGGGGACTCCGTCACACTTAACTGTGGGGCGGATGGACGCAGGCCGTTTACTTTGAAAAAATCAGATCGTTCAAAGAAGGCTTTTGCTCGAATATGTTAGCATGAATAATGGAATAGGACTTTGGTGCTATTTTGTTGGTTTATGGGACCGAAGTAATGATTAATAGGGACAGTTGGGGCCGTTTATATTTCGTTGTCAGAGGTGAAATTCTTGGATTTACGAAAGATAAACTTCTGCGAAAGCATTCGGCAAGGATGTTTTCA
>KC928312 Eukaryota|Diaphoretickes|Cryptista|Cryptophyceae|Cryptomonadales|lineage-D|Cafricana-clade|strain=HB2011-2co	AGCTCTAATAGCGTATATTAAAGTTGTTGCAGTTAAAAAGCTCGTAGTCGGATGTCGGGGTCGGGAGGACTGTTGGCCTCTGGTCGAACGGTAAGCTCGGCCCTTTTTGCCTGGGGACTCCGTCACACTTAACTGTGGGGCGGATGGACGCAGGCCGTTTACTTTGAAAAAATCAGATCGTTCAAAGAAGGCTTTTGCTCGAATATGTTAGCATGGAATAATGGAATAGGACTTTGGTGCTATTTTGTTGGTTTATGGGACCGAAGTAATGATTAATAGGGACAGTTGGGGCCGTTTATATTTCGTTGTCAGAGGTGAAATTCTTGGATTTACGAAAGATAAACTTCTGCGAAAGCATTCGGCAAGGATGTTTTCA
>KC928313 Eukaryota|Diaphoretickes|Cryptista|Cryptophyceae|Cryptomonadales|g:Cryptomonas|Cryptomonas+paramecium|strain=HB2012-1cp	AGCTCTAATAGCATATATTAAAGTTGTTGCAGTTAAAAAGCTCGTAGTCGGATTTTGGGCGCGTGTGGGCAGTCGGCTTCCGTCGTACAGCACGCACGCGCCTTTCTGCTTGGGATCCCCGCGGTTCGCCGTGGTGGGTTACAGGCCGTTTACTTTGAAAAAATTAGAGTGTTCAAAGCAGGCTATTGCTTGAATAGATTAGCATGGAATAATGGAATAGGACCTCGGTGCTATTTCGTTGGTTATGGGACTGGGGTAATGATTAATAGGGACAGTTGGGGCCGTTCATATTTCGTTGTCAGAGGTGAAATTCTTGGATTTACGAACGATGAACTTGTGCGAAAGCATTCGGCAAGGATGTTTTCA
>KC928314 Eukaryota|Diaphoretickes|Cryptista|Cryptophyceae|Cryptomonadales|g:Cryptomonas|Cryptomonas+paramecium|strain=HB2012-2cp	AGCTCTAATAGCATATATTAAAGTTGTTGCAGTTAAAAAGCTCGTAGTCGGATTTTGGGCGCGTGTGGGCAGTCGGCTTCCGTCGTACAGCACGCACGCGCCTTTCTGCTTGGGATCCCCGCGGTTCGCCGTGGTGGGTTACAGGCCGTTTACTTTGAAAAAATTAGAGTGTTCAAAGCAGGCTATTGCTTGAATAGATTAGCATGGATTAATGGAATAGGACCTCGGTGCTATTTCGTTGGTTATGGGACTGGGGTAATGATTAATAGGGACAGTTGGGGCCGTTCATATTCGTTGTCAGAGGTGAAATTCTTGGATTTACGAACGATGAACTTGTGCGAAAGCATTCGGCAATGGATGTTTTCA
>KC928320 Eukaryota|Diaphoretickes|Cryptista|Cryptophyceae|Cryptomonadales|lineage-B|Plagioselmis+lacustris|strain=HB2011-4pn	AGCTCTAATAGCGTATATTAAAGTTGTTGCAGTTAAAAAGCTCGTAGTCGGATGTCGGGCTCGGGCAAGCTGTCGGCCTTTGGTCGGACGGCAGGCTCGGGTCTTTCTGCCTGAGGAACCCGCTTGCTTTAACCGGCTGGCGGTGGACGCAGGTCGTTTACTTTGAAAAAATTAGAGTGTTCAAAGCAGGCTAGCGCTTGAATACATTAGCATGGAATAATGGAATAGGACTTTGGTGCTATTTTGTTGGTTTATGGGACCGAAGTAATGATTAACAGGGACAGTTGGGGCCGTTTATATTTCGTTGTCAGAGGTGAAATTCTTGGATTTACGAAAGATAAACTTCTGCGAAAGCATTCGGCAAGGATGTTTCA
>KF039722 Eukaryota|Diaphoretickes|Cryptista|Cryptophyceae|Cryptomonadales|lineage-E|Rabbreviata-clade|strain=EDK-2013	AGCTCTAATAGCGTATATTAAAGTTGTTGCAGTTAAAAAGCTCGTAGTCGGATGTCGGGCTCGGGGAGATTGTCGGCCTTTGGTCGGATAGTTTCTCCGGGCCTTTCTGCCTGGGAACCCTATTCTACTTAACTGTAGGGTAGTGGGACGCAGGCCGTTTACTTTGAAAAAATTAGAGTGTTCAAAGCAGGCCTACGCTTGAATACATTAGCATGGAATAATGGAATAGGACTTTGGTCTTATTTGTTGGTTTATGGGACCGAAGTAATGATTAACAGGGACAGTTGGGGCCGTTTATATTTCGTTGTCAGAGGTGAAATTCTTGGATTTACGAAAGATAAACTTCTGCGAAAGCATTCGGCAAGGATGTTTTCA
>KF129950 Eukaryota|Diaphoretickes|Cryptista|Cryptophyceae|CRY1-lineage|clone=ST3960.102	AGCTCTAATAGCGTATATTAATGTTGTTGCAGTTAAAAAGCTCGTAGTTGGATTTTGGGAGTGAGCACGCTGTCGGCTTCGGTCGAACGGCGTGGCCGCTCTCTTTCTTCTGGGGACTGCTTCGTTAACTCGGAGTAGGACGCAGATCGTTTACTGTGAAAAAATTAGAGTGTTCAAAGCAGGCAACCGCTTGAATACATTAGCATGGAATAATGGAATAGGACGTCGGGCCTATTTTGTTGGTTTCTGGGACCGTCGTAATGATTAATAGGGACAGTTGGGGCCGTTTATATTCCGTAGTCAGAGGTGAAATTCTTGGATTTACGGAAGATAGACTACTGCGAAAGCATTCGGCAAGGATGTTTTCG
>KF734087 Eukaryota|Diaphoretickes|Cryptista|Cryptophyceae|Cryptomonadales|lineage-B|Teleaulax+amphioxeia|strain=AND-A0710	AGCTCTAATAGCGTATATTAAAGTTGTTGCAGTTAAAAAGCTCGTAGTCGGATGTCGGGCTCGGGCAAGCTGTCGGCCTTTGGTCGGACGGCAGGCTCGGGTCTTTCTGCCTGAGGAACCCGGTTGCTTTAACGAGCTGCCGGTGGACGCAGGTCGTTTACTTTGAAAAAATTAGAGTGTTCAAAGCAGGCTAGCGCTTGAATACATTAGCATGGAATAATGGAATAGGACTTTGGTGCTATTTTGTTGGTTTATGGGACCGAAGTAATGATTAACAGGGACAGTTGGGGCCGTTTATATTTCGTTGTCAGAGGTGAAATTCTTGGATTTACGAAAGATAAACTTCTGCGAAAGCATTCGGCAAGGATGTTTTCA
>KF734088 Eukaryota|Diaphoretickes|Cryptista|Cryptophyceae|Cryptomonadales|lineage-D|g:Hemiselmis|strain=CRY6V	AGCTCTAATAGCGTATATTAAAGTTGTTGCAGTTAAAAAGCTCGTAGTCGGATGTCGGGCTCGGGCAGGCTGTCGGCCTCTGGTCGGACGGCAGGCTCGGGTCTTTTTGCCTGGGGGCTCTGTCACACTTAACTGTGGGGCGGCAGGTCGCAGGCCGTTTACTTTGAAAAAATTAGAGTGTTCAAAGCAGGCCTACGCTTGAATACATTAGCATGGAATAATGGAATAGGACTTTGGTGCTATTTTGTTGGTTTATGGGACTGAAGTAATGATTAATAGGGACAGTTGGGGCCGTTTATATTTCGTTGTCAGAGGTGAAATTCTTGGATTTACGAAAGATAAACTTCTGCGAAAGCATTCGGCAAGGATGTTTTCA
>KF734089 Eukaryota|Diaphoretickes|Cryptista|Cryptophyceae|Cryptomonadales|g:Baffinella|strain=CRY1V	AGCTCTAATAGCGTATATTAAAGTTGTTGCAGTTAAAAAGCTCGTAGTCGGATTTCGGGCTCGGGCAGGCTGTCGGCCTCGGTCGGACGGCAGGCTCGGGCCTTTCTGCCTGGGGACTCCGTCACACTTAACTGTGGGGCGGCTGGACGCAGGCCGTTTACTTTGAAAAAATTAGAGTGTTCAAAGCAGGCCTACGCTTGAATACATTAGCATGGAATAATGGAATAGGACTTTGGTGCTATTTTGTTGGTTTATGGGACCGAAGTAATGATTAACAGGGACAGTTGGGGCCGTTTATATTTCGTTGTCAGAGGTGAAATTCTTGGATTTACGAAAGATAAACTTCTGCGAAAGCATTCGGCAAGGATGTTTTCA
>KJ762666 Eukaryota|Diaphoretickes|Cryptista|Cryptophyceae|CRY3-lineage|clone=SGYH513	AGCTCCATATCGTATATTAAGGCGTTGCAATTAAAAGCTCGTAGTTGGATTTCGGGGTCTGGACGGCTGTCACCCACTGGGTTAGGCGTGCCGTCCGGGTCCTTTACTTCCGGGGACGGCGTCACGATTAATTTTGGGGCGTTCGGACGCGGATCGTTTACTTTGAAAAAATTAGAGTGTTCAAAGCAGGCCTTCGCTTGAATACATTAGCATGGAATAATGGAATAGGACTCTGGGCCTATTTTGTTGGTTTCTGGGACTAGAGTAATGATTAATAGGGACAGTTGGGGGCGTTCATATTCCGATGTCAGAGGTGAAATTCTTGGATTTTCGGAAGATGAACTTCTGCGAAAGCATTCGCCAAGGATGTTTTCA
>KT861332 Eukaryota|Diaphoretickes|Cryptista|Cryptophyceae|Cryptomonadales|lineage-E|Rabbreviata-clade|strain=RCC-2516	AGCTCTAATAGCGTATATTAAAGTTGTTGCAGTTAAAAAGCTCGTAGTCGGATGTCGGGCTCGGGGAGATTGTCGGCCTTTGGTCGGATAGTTTCTCCGGGCCTTTCTGCCTGGGAACCCTATTCTACTTAACTGTAGGGTAGTGGGACGCAGGCCGTTTACTTTGAAAAAATTAGAGTGTTCAAAGCAGGCCTACGCTTGAATACATTAGCATGGAATAATGGAATAGGACTTTGGTCTTATTTGTTGGTTTATGGGACCGAAGTAATGATTAACAGGGACAGTTGGGGCCGTTTATATTTCGTTGTCAGAGGTGAAATTCTTGGATTTACGAAAGATAAACTTCTGCGAAAGCATTCGGCAAGGATGTTTTCA
>KY711345 Eukaryota|Diaphoretickes|Cryptista|Cryptophyceae|Cryptomonadales|lineage-D|g:Hemiselmis|Hemiselmis+aquamarina|strain=BMAK265	AGCTCTAATAGCGTATATTAAAGTTGTTGCAGTTAAAAAGCTCGTAGTCGGATGTCGGGCTCGGGCAGGCTGTCGGCCTCTGGTCGGACGGCAGGCTCGGGTCTTTTTGCCTGGGGGCTCCGTCACACTTAACTGTGGGGCGGTAGGTCGCAGGCCGTTTACTTTGAAAAAATTAGAGTGTTCAAAGCAGGCCTACGCTTGAATACATTAGCATGGAATAATGGAATAGGACTTTGGTGCTATTTTGTTGGTTTATGGGACTGAAGTAATGATTAATAGGGACAGTTGGGGCCGTTTATATTTCGTTGTCAGAGGTGAAATTCTTGGATTTACGAAAGATAAACTTCTGCGAAAGCATTCGGCAAGGATGTTTTCA
>KY980314 Eukaryota|Diaphoretickes|Cryptista|Cryptophyceae|Cryptomonadales|lineage-E|strain=BH56_201	AGCTCTAATAGCGCATATTAAAGTTGTTGCAGTTAAAAAGCTCGTAGTCGGATGTCGGGCTCGGGGGGGCTGTCGGCCTAGGTCAGGCGGCCGTTCCGGGTCTTTCTGCCTGGGGATCCTATTCTTCTTAACTGAAGGGTAGTGGGACGCAGGTCGTTTACTTTGAAAAAATTAGAGTGTTCAAAGCAGGCCTACGCTTGAATACATTAGCATGGAATAATGGAATAGGACTTTGGTCTTATTTGTTGGTTTATGGGACCGAAGTAATGATTAACAAGGACAGTTGGGGCCGTTTATATTTCGTTGTCAGAGGTGAAATTCTTGGATTTACGAAAGATAAACTTCTGCGAAAGCATTCGGCAAGGATGTTTTCA
>KY980340 Eukaryota|Diaphoretickes|Cryptista|Cryptophyceae|Cryptomonadales|lineage-E|strain=BH65_13	AGCTCTAATAGCGTATATTAAAGTTGTTGCAGTTAAAAAGCTCGTAGTCGGATGTCGGGCTCGGGGGGGCTGTCGGCCTAGGTCAGGCGGCCGTTCCGGGTCTTTCTGCCTGGGGATCCTATTCTTCTTAACTGAAGGGTAGTGGGACGCAGGTCGTTTACTTTGAAAAAATTAGAGTGTTCAAAGCAGGCCTACGCTTGAATACATTAGCATGGAATAATGGAATAGGACTTTGGTCTTATTTGTTGGTTTATGGGACCGAAGTAATGATTAACAGGGACAGTTGGGGCCGTTTATATTTCGTTGTCAGAGGTGAAATTCTTGGATTTACGAAAGATAAACTTCTGCGAAAGCATTCGGCAAGGATGTTTTCA
>L28811 Eukaryota|Diaphoretickes|Cryptista|Cryptophyceae|Cryptomonadales|g:Cryptomonas|Cryptomonas+paramecium|strain=CCAP-977/2a	AGCTCTAATAGCATATATTAAAGTTGTTGCAGTTAAAAAGCTCGTAGTCGGATTTTGGGCGCGTGTGGGCAGTCGGCTTCCGTCGTTCAGCACGCACGCGCCTTTCTGCTTGGGATCCCCGCGGTTCGCCGTGGTGGGTTACAGGCCGTTTACTTTGAAAAAATTAGAGTGTTCAAAGCAGGCTATTGCTTGAATAGATTAGCATGGAATAATGGAATAGGACCTCGGTGCTATTTCGTTGGTTATGGGACTGGGGTAATGATTAATAGGGACAGTTGGGGCCGTTCATATTTCGTTGTCAGAGGTGAAATTCTTGGATTTACGAACGATGAACTTGTGCGAAAGCATTCGGCAAGGATGTTTTCA
>LC129523 Eukaryota|Diaphoretickes|Cryptista|Cryptophyceae|Cryptomonadales|lineage-D|g:Komma|strain=NIES-3913	AGCTCTAATAGCGTATATTAAAGTTGTTGCAGTTAAAAAGCTCGTAGTCGGATGTCGGGGTCGGGCGGGGTGTTGGCCACTGGTCGGACACTTTGCTCGGCTCTTTTTGCCTGGTGATCCGGTTGTGCTTAACTGCAGGGCCGGGGTAGCCAGGTCGTTTACTTTGAAAAAATTAGAGTGTTCAAAGCAGGCCTACGCTTGAATACATTAGCATGGAATAATGGAATAGGACTTTGGTTCTATTTTGTTGGTTTATGGAACCGAAGTAATGATTAATAGGGACAGTTGGGGCCGTTTATATTTCGTTGTCAGAGGTGAAATTCTTGGATTTACGAAAGATAAACTTCTGCGAAAGCATTCGGCAAGGATGTTTTCA
>LC151286 Eukaryota|Diaphoretickes|Cryptista|Cryptophyceae|CRY1-lineage|g:Hemiarma|Hemiarma+marina|strain=SRT149	AGCTCTAATAGTGTATATTAAAGTTGTTGCAGTTAAAAAGCTCGTAGTTGAATGTTGGTGTCGAACGAGCGGTCAGCTTCGGCTGTACTGCTCTCTCGACTCCTTCCTTCTGTGGACTACGTCGCACTTTACTGTGTGGCGCTAGGACGCAGATCGTTTACTGTGAAAAAATTAGAGTGTTCAAAGCAGGCCGTACGCTTGAATACATTAGCATGGAATAATGGAATAGGACGTCGGGCCTATTTTGTTGGTTCTAGGACCGTCGTAATGATTAATAGGGACAGTTGGGGCCGTTTATATTCCGTAGTCAGAGGTGAAATTCTTGGATTTACGGAAGATAAACTACTGCGAAAGCATTCGGCAAGGATGTTTTCG
>MH107133 Eukaryota|Diaphoretickes|Cryptista|Cryptophyceae|Cryptomonadales|lineage-E|Rabbreviata-clade|strain=rCR04_LOHABE	AGCTCTAATAGCGTATATTAAAGTTGTTGCAGTTAAAAAGCTCGTAGTCGGATGTCGGGCTCGGGGAGGCTGTCGGCCTTTGGTCGGATGGCATCTCCGGGCCTTTCTGCCTGGGGATCCTATTCTACTTAACTGTAGGGTAGTGGGACGCAGGCCGTTTACTTTGAAAAAATTAGAGTGTTCAAAGCAGGCCTACGCTTGAATACATTAGCATGGAATAATGGAATAGGACTTTGGTCTTATTTGTTGGTTTATGGGACCGAAGTAATGATTAACAGGGACAGTTGGGGCCGTTTATATTTCGTTGTCAGAGGTGAAATTCTTGGATTTACGAAAGATAAACTTCTGCGAAAGCATTCGGCAAGGATGTTTTCA
>MH107134 Eukaryota|Diaphoretickes|Cryptista|Cryptophyceae|Cryptomonadales|lineage-E|Rduplex-clade|strain=rCR01_LOHABE	AGCTCTAATAGCGTATATTAAAGTTGTTGCAGTTAAAAAGCTCGTAGTCGGATGTCGGGCTCGGAGAGGCTGTCGGCCTACGGTCGGACGGCAACTCCGGGCCTTTCTGCCTGGGGATCCTACTCTACTTAATTGTAGGGTAGTGGGACGCAGGCCGTTTACTTTGAAAAAATTAGAGTGTTCAAAGCAGGCCTACGCTTGAATACATTAGCATGGAATAATGGAATAGGACTTTGGTCTTATTTGTTGGTTTATGGGACCGAAGTAATGATTAACAGGGACAGTTGGGGCCGTTTATATTTCGTTGTCAGAGGTGAAATTCTTGGATTTACGAAAGATAAACTTCTGCGAAAGCATTCGGCAAGGATGTTTTCA
>MK177625 Eukaryota|Diaphoretickes|Cryptista|Cryptophyceae|g:Goniomonas|ma-G-clade|clone=DDI190.fa	AGCTCTAATAGCGTATATTAAAGTTGTTGCAGTTAAAAAGCTCGTAGTTGGATCTTGGGGTCGGGACAGCTGTCGGCCTATGGTCGGACGGCTGGCTGGGCTCCTTGCTTCTGGGGTCCGCGTCCTTTTAACTAAGGGCGTTGGGTGCCAGATCTTTTACTTTGAAAAAATTAGAGTGTTCAAAGCAGGCTATCGCTTGAATACATTAGCATGGAATAATGGAATAGGTCTGCGGTCTTATTTTGTTGGTTTCTAGGACCGAAGTAATGATTAATAGGGATAGTTGGGGCCGTTTGTATTCCGTTGTCAGAGGTGAAATTCTTGGATTTACGGAAGACAAACTTCTGCGAAAGCATTCGGCAAGGATGTTTTCA
>MK828404 Eukaryota|Diaphoretickes|Cryptista|Cryptophyceae|Cryptomonadales|lineage-E|Rpauca-clade|Rhodomonas+lens|strain=CCMP-739	AGCTCTAATAGCGTATATTAAAGTTGTTGCAGTTAAAAAGCTCGTAGTCGGATGTCGGGCTCGGGGAGGCTGTCGGCCTTCGGTCGGACGGCATGTCCGGGCCTTTCTGCCTGGGGATCCTACTCTACTTAACTGTAGGGTAGTGGGACGCAGGCCGTTTACTTTGAAAAAATTAGAGTGTTCAAAGCAGGCCTACGCTTGAATACATTAGCATGGAATAATGGAATAGGACTTTGGTCTTATTTGTTGGTTTATGGGACCGAAGTAATGATTAACAGGGACAGTTGGGGCCGTTTATATTTCGTTGTCAGAGGTGAAATTCTTGGATTTACGAAAGATAAACTTCTGCGAAAGCATTCGGCAAGGATGTTTTCA
>MK828408 Eukaryota|Diaphoretickes|Cryptista|Cryptophyceae|Cryptomonadales|lineage-E|Rirregularis-clade|Rhodomonas+irregularis|strain=NIES-698	AGCTCTAATAGCGTATATTAAAGTTGTTGCAGTTAAAAAGCTCGTAGTCGGATGTCGGGCTCGGGGAGGCTGTCGGCCTTCGGTCGGACGGCATGTCCGGGCCTTTCTGCCTGGGGATCCTACTCTACTTAACTGTAGGGTAGTGGGACGCAGGCCGTTTACTTTGAAAAAATTAGAGTGTTCAAAGCAGGCCTACGCTTGAATACATTAGCATGGAATAATGGAATAGGACTTTGGTCTTATTTGTTGGTTTATGGGACCGAAGTAATGATTAACAGGGACAGTTGGGGCCGTTTATATTTCGTTGTCAGAGGTGAAATTCTTGGATTTACGAAAGATAAACTTCTGCGAAAGCATTCGGCAAGGATGTTTTCA
>MK828429 Eukaryota|Diaphoretickes|Cryptista|Cryptophyceae|Cryptomonadales|g:Proteomonas|strain=CCMP-2715	AGCTCTAATAGCGTATACTTAAGTTGTTGCAGTTAAAAAGCTCGTAGTCGGATGTCGGGCTTGGGCAGGCTGTCGGCTTTTGTCGGACGGCAGGCTCGGGCCTTTCTGCCTGGGGACCGCGTCACACTTCACTGTGGGGCGTCGGGACGCAGGCCGTTTACTTTGAAAAAATTAGAGTGTTCAAAGCAGGCCTACGCTTGAATACATTAGCATGGAATAATGGAATAGGACTTTGGTGCCATTCTGTTGGTTTATGGAACCGAAGTAATGATTAATAGGGACAGTTGGGGCCGTTTATATTTCGTTGTCAGAGGTGAAATTCTTGGATTTACGAAAGATAAACTTCTGCGAAAGCATTCGGCAAGGATGTTTTCA
>MK828431 Eukaryota|Diaphoretickes|Cryptista|Cryptophyceae|Cryptomonadales|lineage-E|Rabbreviata-clade|strain=CCMP-1178	AGCTCTAATAGCGTATATTAAAGTTGTTGCAGTTAAAAAGCTCGTAGTCGGATGTCGGGCTCGGGGAGATTGTCGGCCTTTGGTCGGATAGTTTCTCCGGGCCTTTCTGCCTGGGAACCCTATTCTACTTAACTGTAGGGTAGTGGGACGCAGGCCGTTTACTTTGAAAAAATTAGAGTGTTCAAAGCAGGCCTACGCTTGAATACATTAGCATGGAATAATGGAATAGGACTTTGGTCTTATTTGTTGGTTTATGGGACCGAAGTAATGATTAACAGGGACAGTTGGGGCCGTTTATATTTCGTTGTCAGAGGTGAAATTCTTGGATTTACGAAAGATAAACTTCTGCGAAAGCATTCGGCAAGGATGTTTTCA
>U03072 Eukaryota|Diaphoretickes|Cryptista|Cryptophyceae|g:Goniomonas|fw-G-clade|Goniomonas+truncata|strain=McFadden-1993	AGCTCTAATAGCGTATATTAAAGTTGTTGCAGTTAAAAAGCTCGTAGTTGGACTTTTGGGAAAATTAAAAGGATGGTGAATTAAAAGTTGTTGGGCGTTTAAACGCGTCCGATGACCGCTATCCCCCAATCATTTATGTGGGAGGGGGTCATTCGTTGGGTCTGGAGGTTGTCTGGCTTTGTCGCAAGGCAGGGTCGGGTGGCAATACCGTCATGGGTGGCCATTCCAAACTCTCTCACTTTTTACCTTGAGCAAATTAGAGTGTTCAAAGCGGGCTTGTTACGCTTGAATAGTCTAGCATGGAATAATGGAATAGGACTCGAGTCCTGTTCGTTGGTTTTTTGGGATTTGAGTAATGATTAATAGGGATGGTTGGGGCCGTTTGTATTCCGTTGTCAGAGGTGAAATTCTTGGATTTACGGAAGACAAACATCTGCGAAAGCATTCGGCAAGCACATGCTCA
>U53122 Eukaryota|Diaphoretickes|Cryptista|Cryptophyceae|Cryptomonadales|lineage-D|g:Komma|strain=MUCC-Cr-10	AGCTCTAATAGCGTATATTAAAGTTGTTGCAGTTAAAAAGCTCGTAGTCGGATGTCGGGGTCGGGCAGGCTGTTGGCCTCTGGTCGAATGGCAGGCTCGGCCCTTTTTGCCTGGGGACCCCGTCACACTTAACTGTGGGGCGGGTGTACGCAGGCCGTTTACTTTGAAAAAATTAGAGTGTTCAAAGCAGGCCTACGCTTGAATACATTAGCATGGAATAATGGAATAGGACTTTGGTGCTATTTTGTTGGTTTATGGGACCGAAGTAATGATTAATAGGGACAGTTGGGGCCGTTTATATTTCGTTGTCAGAGGTGAAATTCTTGGATTTACGAAAGATAAACTTGTGCGAAAGCATTCGCCAAGGATGTTTTCA
>U53124 Eukaryota|Diaphoretickes|Cryptista|Cryptophyceae|Cryptomonadales|lineage-B|g:Geminigera|strain=CS-138	AGCTCTAATAGCGTATATTAAAGTTGTTGCAGTTAAAAAGCTCGTAGTCGGATGTCGGGCTCGGGCAGGCTGTCGGCTTCGGTCGGACGGCAGGCTCGGGTCTTTCTGCCTGAGGATCCTGTTGCACTTTATTGTGGGGCTGGGGACGCAGGCCGTTTACTTTGAAAAAATTAGAGTGTTCAAAGCAGGCCTACGCTTGAATACATTAGCATGGAATAATGGAATAGGACTTTGGTGCTATTTTGTTGGTTTATGGGACCGAAGTAATGATTAACAGGGACAGTTGGGGCCGTTTATATTTCGTTGTCAGAGGTGAAATTCTTGGATTTACGAAAGATAAACTTCTGCGAAAGCATTCGGCAAGGATGTTTTCA
>U53126 Eukaryota|Diaphoretickes|Cryptista|Cryptophyceae|Cryptomonadales|lineage-C|g:Hanusia|Hanusia+phi|strain=CCMP-325	AGCTCTAATAGCGTATATTAAAGTTGTTGCAGTTAAAAAGCTCGTAGTCGGAAGTCGGGCTCGGGCAGGCTGTCGGCCTCGGTTGGGCAGCTTGCTTGGGTCTTCTAGCTCGGGGGCCCCGTGCCATTTAACCGTGGTGCGCGGGAACACGGGCCGTTTACTTTGAAAAAATTAGAGTGTTCAAAGCAGGCCTACGCTTGAATACATTAGCATGGAATAATGGAATAGGACTTTGGTGCTATTTCGTTGGTTAATGGGACCGAAGTAATGATTAAAAGGGACAGTTGGGGCCGTTTATATTTCGTTGTCAGAGGTGAAATTCTTGGATTTACGAAAGATAAACTTCTGCGAAAGCATTCGGCAAGGATGTTTTCA
>U53128 Eukaryota|Diaphoretickes|Cryptista|Cryptophyceae|Cryptomonadales|lineage-E|Rabbreviata-clade|Rhodomonas+abbreviata|strain=CCAP-976/10	AGCTCTAATAGCGTATATTAAAGTTGTTGCAGTTAAAAAGCTCGTAGTCGGATGTCGGGCTCGGGGAGGCTGTCGGCCTTTGGTCGGATGGCATCTCCGGGCCTTTCTGCCTGGGGATCCTATTCTACTTAACTGTAGGGTAGTGGGACGCAGGCCGTTTACTTTGAAAAAATTAGAGTGTTCAAAGCAGGCCTACGCTTGAATACATTAGCATGGAATAATGGAATAGGACTTTGGTCTTATTTGTTGGTTTATGGGACCGAAGTAATGATTAACAGGGACAGTTGGGGCCGTTTATATTTCGTTGTCAGAGGTGAAATTCTTGGATTTACGAAAGATAAACTTCTGCGAAAGCATTCGGCAAGGATGTTTTCA
>U53130 Eukaryota|Diaphoretickes|Cryptista|Cryptophyceae|Cryptomonadales|lineage-E|Rpauca-clade|Storeatula+major|strain=CCMP-320	AGCTCTAATAGCGTATATTAAAGTTGTTGCAGTTAAAAAGCTCGTAGTCGGATGTCGGGCTCGGGGAGGCTGTCGGCCTTTGGTCGGACGGCATGTCCGGGCCTTTCTGCCTGGGGATCCTATTCTACTTAACTGTAGGGTAGTGGGACGCAGGCCGTTTACTTTGAAAAAATTAGAGTGTTCAAAGCAGGCCTACGCTTGAATACATTAGCATGGAATAATGGAATAGGACTTTGGTCTTATTTGTTGGTTTATGGGACCGAAGTAATGATTAACAGGGACAGTTGGGGCCGTTTATATTTCGTTGTCAGAGGTGAAATTCTTGGATTTACGAAAGATAAACTTCTGCGAAAGCATTCGGCAAGGATGTTTTCA
>U53132 Eukaryota|Diaphoretickes|Cryptista|Cryptophyceae|Cryptomonadales|lineage-E|Rpauca-clade|Rhinomonas+pauca|strain=MUCC-Cr-47	AGCTCTAATAGCGTATATTAAAGTTGTTGCAGTTAAAAAGCTCGTAGTCGGATGTCGGGCTCGGGGAGGCTGTCGGCCTTTGGTCGGACGGCATGTCCGGGCCTTTCTGCCTGGGGATCCTATTCTACTTAACTGTAGGGTAGTGGGACGCAGGCCGTTTACTTTGAAAAAATTAGAGTGTTCAAAGCAGGCGTACGCTTGAATACATTAGCATGGAATAATGGAATAGGACTTTGGTCTTATTTGTTGGTTTATGGGACCGAAGTAATGATTAACAGGGACAGTTGGGGCCGTTTATATTTCGTTGTCAGAGGTGAAATTCTTGGATTTACGAAAGATAAACTTCTGCGAAAGCATTCGGCAAGGATGTTTTCA
>X54276 Eukaryota|Diaphoretickes|Cryptista|Cryptophyceae|Cryptomonadales|lineage-E|Rirregularis-clade|strain=Wolters-1990	AGCTCTAATAGCGTATATTAAAGTTGTTGCAGTTAAAAAGCTCGTAGTCGGATCTCGGGCTCGGGGAGGCTGTCGGCTTCGGTCGGACGGCATGTCCGGGCCTTTCTGCCTGGGGATCCTACTCTACTTAACTGTAGGGTAGTGGGACGCAGGCCGTTTACTTTGAAAAAATTAGAGTGTTCAAAGCAGGCCTACGCTTGAATACATTAGCATGGAATAATGGAATAGGACTTTGGTCTTATTTGTTGGTTTATGGACCGAAGTAATGATTAACAGGGACAGTTGGGGCCGTTTATATTTCGTTGTCAGAGGTGAAATTCTTGGATTTACGAAAGATAAACTTCTGCGAAAGCATTCGGCAAGGATGTTTTCA
>X57162 Eukaryota|Diaphoretickes|Cryptista|Cryptophyceae|Cryptomonadales|lineage-C|g:Guillardia|Guillardia+theta|strain=Gray-1991	AGCTCTAATAGCGTATATTAAAGTTGTTGCAGTTAAAAAGCTCGTAGTCGGAAGTCGGGCTCGGGCAGGCTGTCGGCCTCGGTTGGGCAGCTTGCTTGGGTCTTCTAGCTCGGGGGCCCCGTGCCATTTAACCGTGGTGCGCGGGAACACGGGCCGTTTACTTTGAAAAAATTAGAGTGTTCAAAGCAGGCCTACGCTTGAATACATTAGCATGGAATAATGGAATAGGACTTTGGTGCTATTTCGTTGGTTAATGGGACCGAAGTAATGATTAAAAGGGACAGTTGGGGCCGTTTATATTTCGTTGTCAGAGGTGAAATTCTTGGATTTACGAAAGATAAACTTCTGCGAAAGCATTCGGCAAGGATGTTTTCA
>X81328 Eukaryota|Diaphoretickes|Cryptista|Cryptophyceae|Cryptomonadales|lineage-D|g:Komma|strain=Schorpp-1994	AGCTCTAATAGCGTATATTAAAGTTGTTGCAGTTAAAAAGCTCGTAGTCGGATGTCGGGGCCGGGCAAGCTTTTGGCCTCTGGTTGATTTGTTTGCTCTTTTTGCCTGGGGACCCCGTTGTGCTTAACTGCAGGGCGGGTGTACGCAGGCCGTTTACTTTGAAAAAATTAGAGTGTTCAAAGCAGGCCTACGCTTGAATACATTAGCATGGAATAATGGAATAGGACTTTGGTTCTATTTTGTTGGTTTATGGAGCCGAAGTAATGATTAATAGGGACAGTTGGGGCCGTTTATATTTCGTTGTCAGAGGTGAAATTCTTGGATTTACGAAAGATAAACTTCTGCGAAAGCATTCGGCAAGGATGTTTTCA
>X81373 Eukaryota|Diaphoretickes|Cryptista|Cryptophyceae|Cryptomonadales|lineage-E|Rpauca-clade|strain=Schorpp-1994	AGCTCTAATAGCGTATATTAAAGTTGTTGCAGTTAAAAAGCTCGTAGTCGGATGTCGGGCTCGGGGAGCTGTCGGCCTTTGGTCGGACGGCATGTCCGGGCTTTCTGCCTGGGGATCCTATTCTACTTAACTGTAGGGTAGTGGGACGCAGGCGTTTACTTTGAAAAAATTAGAGTGTTCAAAGCAGGCCTACGCTTGAATACATTAGCATGGAATAATGGAATAGGACTTTGGTCTTATTTGTTGGTTTATGGGACCGAAGTAATGATTAACAGGGACAGTTGGGGCCGTTTGTATTTCGTTGTCAGAGGTGAAATTCTTGGATTTACGAAAGATAAATTCTGCGAAAGCATTCGGCAAGGATGTTTTCA